linha,parte
0,treino
1,validacao
2,treino
3,validacao
4,teste
5,treino
6,validacao
7,teste
8,validacao
9,treino
10,treino
11,treino
12,treino
13,treino
14,teste
15,treino
16,treino
17,teste
18,treino
19,treino
20,treino
21,treino
22,validacao
23,teste
24,treino
25,treino
26,treino
27,treino
28,treino
29,treino
30,treino
31,treino
32,validacao
33,treino
34,treino
35,treino
36,treino
37,teste
38,treino
39,treino
40,treino
41,treino
42,treino
43,treino
44,teste
45,treino
46,teste
47,teste
48,treino
49,treino
50,treino
51,treino
52,treino
53,treino
54,teste
55,teste
56,teste
57,treino
58,treino
59,treino
60,treino
61,treino
62,treino
63,treino
64,treino
65,teste
66,teste
67,treino
68,treino
69,treino
70,treino
71,treino
72,treino
73,validacao
74,validacao
75,teste
76,validacao
77,teste
78,validacao
79,treino
80,treino
81,teste
82,validacao
83,treino
84,treino
85,treino
86,treino
87,validacao
88,treino
89,teste
90,treino
91,validacao
92,validacao
93,treino
94,treino
95,validacao
96,treino
97,teste
98,teste
99,treino
100,validacao
101,treino
102,treino
103,treino
104,treino
105,treino
106,treino
107,treino
108,treino
109,treino
110,teste
111,teste
112,treino
113,treino
114,teste
115,teste
116,teste
117,treino
118,treino
119,treino
120,teste
121,treino
122,treino
123,treino
124,treino
125,validacao
126,treino
127,treino
128,treino
129,treino
130,treino
131,treino
132,treino
133,treino
134,treino
135,teste
136,treino
137,treino
138,validacao
139,validacao
140,validacao
141,teste
142,treino
143,treino
144,treino
145,treino
146,treino
147,treino
148,validacao
149,treino
150,treino
151,treino
152,validacao
153,treino
154,teste
155,treino
156,teste
157,treino
158,treino
159,validacao
160,teste
161,teste
162,treino
163,treino
164,teste
165,validacao
166,treino
167,treino
168,treino
169,teste
170,validacao
171,treino
172,treino
173,treino
174,validacao
175,treino
176,treino
177,treino
178,treino
179,treino
180,validacao
181,treino
182,teste
183,treino
184,validacao
185,validacao
186,teste
187,teste
188,validacao
189,treino
190,treino
191,treino
192,teste
193,validacao
194,teste
195,treino
196,validacao
197,treino
198,treino
199,validacao
200,teste
201,treino
202,treino
203,treino
204,treino
205,treino
206,treino
207,treino
208,treino
209,treino
210,treino
211,treino
212,treino
213,treino
214,treino
215,validacao
216,treino
217,validacao
218,treino
219,teste
220,treino
221,treino
222,treino
223,treino
224,teste
225,treino
226,treino
227,teste
228,validacao
229,validacao
230,validacao
231,treino
232,validacao
233,treino
234,treino
235,validacao
236,treino
237,validacao
238,teste
239,teste
240,treino
241,teste
242,validacao
243,teste
244,treino
245,treino
246,teste
247,treino
248,treino
249,treino
250,teste
251,treino
252,treino
253,validacao
254,teste
255,teste
256,treino
257,validacao
258,validacao
259,treino
260,treino
261,treino
262,validacao
263,validacao
264,treino
265,teste
266,treino
267,teste
268,treino
269,treino
270,treino
271,teste
272,validacao
273,treino
274,teste
275,treino
276,teste
277,validacao
278,teste
279,treino
280,treino
281,treino
282,treino
283,treino
284,treino
285,teste
286,treino
287,treino
288,validacao
289,treino
290,teste
291,validacao
292,validacao
293,treino
294,treino
295,teste
296,treino
297,teste
298,treino
299,treino
300,teste
301,teste
302,treino
303,treino
304,treino
305,teste
306,treino
307,validacao
308,validacao
309,treino
310,teste
311,validacao
312,treino
313,treino
314,treino
315,treino
316,teste
317,treino
318,treino
319,validacao
320,treino
321,treino
322,teste
323,treino
324,treino
325,treino
326,validacao
327,treino
328,treino
329,treino
330,validacao
331,validacao
332,validacao
333,treino
334,treino
335,teste
336,treino
337,treino
338,treino
339,teste
340,treino
341,treino
342,treino
343,validacao
344,treino
345,treino
346,treino
347,treino
348,teste
349,treino
350,treino
351,treino
352,treino
353,validacao
354,treino
355,teste
356,teste
357,treino
358,treino
359,treino
360,treino
361,treino
362,teste
363,treino
364,treino
365,treino
366,validacao
367,treino
368,treino
369,teste
370,validacao
371,treino
372,teste
373,treino
374,teste
375,treino
376,treino
377,treino
378,teste
379,treino
380,teste
381,treino
382,treino
383,teste
384,validacao
385,treino
386,teste
387,treino
388,validacao
389,treino
390,teste
391,validacao
392,treino
393,treino
394,treino
395,treino
396,validacao
397,treino
398,treino
399,treino
400,validacao
401,validacao
402,treino
403,teste
404,treino
405,treino
406,treino
407,treino
408,teste
409,treino
410,treino
411,treino
412,treino
413,teste
414,treino
415,treino
416,treino
417,treino
418,treino
419,treino
420,treino
421,teste
422,treino
423,treino
424,treino
425,validacao
426,treino
427,treino
428,treino
429,treino
430,validacao
431,treino
432,validacao
433,teste
434,validacao
435,treino
436,teste
437,treino
438,validacao
439,teste
440,treino
441,treino
442,teste
443,treino
444,treino
445,treino
446,treino
447,treino
448,treino
449,validacao
450,teste
451,teste
452,treino
453,treino
454,treino
455,treino
456,treino
457,treino
458,treino
459,treino
460,teste
461,treino
462,treino
463,validacao
464,teste
465,treino
466,treino
467,treino
468,teste
469,treino
470,treino
471,treino
472,teste
473,treino
474,teste
475,treino
476,treino
477,teste
478,treino
479,treino
480,treino
481,teste
482,treino
483,treino
484,validacao
485,treino
486,treino
487,teste
488,treino
489,treino
490,treino
491,teste
492,treino
493,validacao
494,treino
495,treino
496,treino
497,treino
498,treino
499,treino
500,treino
501,teste
502,validacao
503,treino
504,treino
505,treino
506,treino
507,treino
508,teste
509,validacao
510,treino
511,teste
512,teste
513,treino
514,validacao
515,teste
516,treino
517,validacao
518,validacao
519,teste
520,treino
521,treino
522,teste
523,validacao
524,treino
525,teste
526,validacao
527,treino
528,validacao
529,treino
530,treino
531,treino
532,treino
533,treino
534,treino
535,teste
536,treino
537,treino
538,treino
539,treino
540,validacao
541,validacao
542,treino
543,treino
544,treino
545,treino
546,teste
547,treino
548,treino
549,treino
550,teste
551,treino
552,treino
553,treino
554,treino
555,treino
556,treino
557,teste
558,treino
559,treino
560,validacao
561,treino
562,treino
563,treino
564,treino
565,treino
566,validacao
567,treino
568,teste
569,validacao
570,teste
571,treino
572,teste
573,treino
574,treino
575,treino
576,treino
577,treino
578,teste
579,validacao
580,treino
581,treino
582,treino
583,treino
584,treino
585,treino
586,validacao
587,validacao
588,treino
589,validacao
590,treino
591,treino
592,teste
593,teste
594,treino
595,validacao
596,treino
597,treino
598,treino
599,teste
600,teste
601,treino
602,teste
603,teste
604,validacao
605,treino
606,treino
607,teste
608,treino
609,treino
610,validacao
611,treino
612,treino
613,treino
614,teste
615,teste
616,teste
617,treino
618,validacao
619,validacao
620,validacao
621,treino
622,treino
623,treino
624,treino
625,treino
626,treino
627,treino
628,validacao
629,validacao
630,treino
631,validacao
632,validacao
633,treino
634,treino
635,treino
636,validacao
637,treino
638,teste
639,validacao
640,treino
641,treino
642,treino
643,treino
644,treino
645,treino
646,treino
647,validacao
648,validacao
649,treino
650,treino
651,teste
652,teste
653,treino
654,treino
655,treino
656,treino
657,teste
658,teste
659,treino
660,treino
661,validacao
662,treino
663,treino
664,treino
665,treino
666,treino
667,treino
668,treino
669,treino
670,teste
671,validacao
672,treino
673,validacao
674,teste
675,validacao
676,validacao
677,treino
678,treino
679,treino
680,teste
681,validacao
682,treino
683,treino
684,teste
685,treino
686,treino
687,treino
688,teste
689,treino
690,teste
691,teste
692,treino
693,validacao
694,treino
695,teste
696,treino
697,treino
698,treino
699,teste
700,teste
701,teste
702,treino
703,treino
704,treino
705,teste
706,validacao
707,treino
708,teste
709,treino
710,validacao
711,validacao
712,treino
713,teste
714,treino
715,treino
716,teste
717,treino
718,treino
719,treino
720,teste
721,treino
722,treino
723,validacao
724,treino
725,treino
726,validacao
727,treino
728,treino
729,teste
730,validacao
731,teste
732,validacao
733,treino
734,validacao
735,validacao
736,treino
737,validacao
738,treino
739,treino
740,treino
741,teste
742,teste
743,treino
744,validacao
745,treino
746,treino
747,validacao
748,treino
749,treino
750,treino
751,treino
752,treino
753,treino
754,treino
755,treino
756,treino
757,treino
758,treino
759,validacao
760,validacao
761,treino
762,treino
763,validacao
764,validacao
765,treino
766,treino
767,treino
768,treino
769,teste
770,treino
771,treino
772,teste
773,teste
774,teste
775,teste
776,teste
777,validacao
778,treino
779,treino
780,treino
781,treino
782,treino
783,treino
784,treino
785,validacao
786,treino
787,treino
788,treino
789,validacao
790,validacao
791,validacao
792,treino
793,treino
794,treino
795,teste
796,treino
797,treino
798,treino
799,treino
800,treino
801,validacao
802,treino
803,teste
804,teste
805,treino
806,validacao
807,treino
808,treino
809,validacao
810,teste
811,treino
812,treino
813,treino
814,treino
815,treino
816,treino
817,teste
818,treino
819,treino
820,treino
821,teste
822,treino
823,validacao
824,treino
825,treino
826,treino
827,teste
828,treino
829,treino
830,teste
831,treino
832,treino
833,treino
834,treino
835,treino
836,treino
837,teste
838,validacao
839,treino
840,validacao
841,treino
842,validacao
843,teste
844,teste
845,treino
846,treino
847,treino
848,treino
849,treino
850,treino
851,treino
852,teste
853,validacao
854,teste
855,treino
856,teste
857,validacao
858,treino
859,treino
860,treino
861,treino
862,treino
863,treino
864,teste
865,treino
866,treino
867,treino
868,teste
869,treino
870,treino
871,teste
872,teste
873,validacao
874,treino
875,teste
876,treino
877,validacao
878,validacao
879,teste
880,teste
881,teste
882,validacao
883,treino
884,treino
885,treino
886,teste
887,teste
888,treino
889,validacao
890,validacao
891,validacao
892,teste
893,treino
894,treino
895,teste
896,treino
897,treino
898,teste
899,treino
900,validacao
901,treino
902,treino
903,treino
904,treino
905,teste
906,validacao
907,treino
908,treino
909,treino
910,treino
911,treino
912,teste
913,treino
914,treino
915,validacao
916,validacao
917,treino
918,treino
919,teste
920,treino
921,treino
922,validacao
923,teste
924,treino
925,treino
926,treino
927,treino
928,treino
929,treino
930,validacao
931,teste
932,treino
933,treino
934,treino
935,teste
936,treino
937,treino
938,treino
939,treino
940,treino
941,treino
942,treino
943,treino
944,treino
945,treino
946,treino
947,validacao
948,teste
949,treino
950,treino
951,teste
952,validacao
953,validacao
954,teste
955,treino
956,teste
957,treino
958,teste
959,treino
960,teste
961,treino
962,treino
963,treino
964,teste
965,validacao
966,treino
967,validacao
968,validacao
969,treino
970,treino
971,teste
972,treino
973,treino
974,treino
975,treino
976,treino
977,treino
978,treino
979,treino
980,treino
981,treino
982,treino
983,treino
984,validacao
985,teste
986,validacao
987,validacao
988,treino
989,treino
990,teste
991,teste
992,validacao
993,validacao
994,validacao
995,treino
996,treino
997,treino
998,treino
999,treino
1000,treino
1001,treino
1002,validacao
1003,teste
1004,treino
1005,teste
1006,treino
1007,validacao
1008,treino
1009,teste
1010,treino
1011,treino
1012,teste
1013,treino
1014,treino
1015,teste
1016,treino
1017,teste
1018,treino
1019,validacao
1020,validacao
1021,treino
1022,teste
1023,teste
1024,treino
1025,treino
1026,validacao
1027,teste
1028,validacao
1029,treino
1030,validacao
1031,treino
1032,teste
1033,treino
1034,teste
1035,teste
1036,treino
1037,validacao
1038,validacao
1039,teste
1040,treino
1041,treino
1042,treino
1043,treino
1044,treino
1045,treino
1046,validacao
1047,treino
1048,validacao
1049,validacao
1050,treino
1051,teste
1052,teste
1053,teste
1054,validacao
1055,teste
1056,teste
1057,teste
1058,treino
1059,teste
1060,treino
1061,teste
1062,treino
1063,treino
1064,treino
1065,treino
1066,treino
1067,treino
1068,treino
1069,validacao
1070,teste
1071,treino
1072,treino
1073,treino
1074,treino
1075,treino
1076,treino
1077,treino
1078,treino
1079,treino
1080,treino
1081,treino
1082,treino
1083,treino
1084,validacao
1085,teste
1086,validacao
1087,teste
1088,treino
1089,treino
1090,treino
1091,validacao
1092,teste
1093,validacao
1094,teste
1095,treino
1096,treino
1097,validacao
1098,treino
1099,treino
1100,treino
1101,treino
1102,treino
1103,treino
1104,treino
1105,teste
1106,validacao
1107,teste
1108,validacao
1109,treino
1110,validacao
1111,teste
1112,treino
1113,validacao
1114,teste
1115,validacao
1116,teste
1117,treino
1118,validacao
1119,validacao
1120,treino
1121,treino
1122,treino
1123,treino
1124,treino
1125,treino
1126,treino
1127,treino
1128,validacao
1129,teste
1130,treino
1131,treino
1132,validacao
1133,treino
1134,treino
1135,validacao
1136,validacao
1137,teste
1138,validacao
1139,treino
1140,treino
1141,validacao
1142,treino
1143,validacao
1144,treino
1145,treino
1146,teste
1147,teste
1148,treino
1149,teste
1150,treino
1151,teste
1152,treino
1153,validacao
1154,validacao
1155,validacao
1156,treino
1157,treino
1158,treino
1159,validacao
1160,validacao
1161,treino
1162,validacao
1163,treino
1164,treino
1165,validacao
1166,treino
1167,treino
1168,teste
1169,teste
1170,treino
1171,treino
1172,treino
1173,validacao
1174,teste
1175,validacao
1176,teste
1177,validacao
1178,treino
1179,teste
1180,teste
1181,treino
1182,validacao
1183,treino
1184,validacao
1185,validacao
1186,validacao
1187,validacao
1188,treino
1189,treino
1190,treino
1191,treino
1192,treino
1193,treino
1194,treino
1195,treino
1196,treino
1197,teste
1198,teste
1199,treino
1200,treino
1201,teste
1202,treino
1203,treino
1204,teste
1205,teste
1206,treino
1207,treino
1208,teste
1209,treino
1210,teste
1211,treino
1212,validacao
1213,treino
1214,treino
1215,teste
1216,treino
1217,treino
1218,teste
1219,treino
1220,treino
1221,treino
1222,treino
1223,teste
1224,teste
1225,treino
1226,treino
1227,treino
1228,treino
1229,validacao
1230,validacao
1231,treino
1232,teste
1233,treino
1234,treino
1235,teste
1236,treino
1237,treino
1238,teste
1239,treino
1240,treino
1241,validacao
1242,validacao
1243,treino
1244,validacao
1245,treino
1246,validacao
1247,treino
1248,treino
1249,treino
1250,validacao
1251,treino
1252,validacao
1253,treino
1254,treino
1255,treino
1256,treino
1257,treino
1258,validacao
1259,treino
1260,validacao
1261,treino
1262,treino
1263,teste
1264,validacao
1265,validacao
1266,treino
1267,teste
1268,validacao
1269,teste
1270,teste
1271,treino
1272,teste
1273,treino
1274,validacao
1275,teste
1276,validacao
1277,validacao
1278,validacao
1279,teste
1280,teste
1281,treino
1282,treino
1283,treino
1284,validacao
1285,treino
1286,treino
1287,treino
1288,treino
1289,treino
1290,validacao
1291,treino
1292,validacao
1293,validacao
1294,treino
1295,treino
1296,validacao
1297,validacao
1298,teste
1299,treino
1300,teste
1301,treino
1302,validacao
1303,validacao
1304,treino
1305,treino
1306,teste
1307,teste
1308,treino
1309,teste
1310,teste
1311,treino
1312,treino
1313,teste
1314,validacao
1315,validacao
1316,treino
1317,treino
1318,validacao
1319,validacao
1320,treino
1321,treino
1322,treino
1323,treino
1324,treino
1325,treino
1326,validacao
1327,treino
1328,teste
1329,treino
1330,validacao
1331,treino
1332,treino
1333,teste
1334,treino
1335,teste
1336,validacao
1337,teste
1338,treino
1339,treino
1340,treino
1341,validacao
1342,treino
1343,treino
1344,teste
1345,validacao
1346,treino
1347,validacao
1348,validacao
1349,validacao
1350,treino
1351,treino
1352,validacao
1353,treino
1354,validacao
1355,treino
1356,treino
1357,teste
1358,treino
1359,treino
1360,treino
1361,treino
1362,treino
1363,treino
1364,treino
1365,treino
1366,treino
1367,treino
1368,treino
1369,teste
1370,teste
1371,treino
1372,validacao
1373,teste
1374,teste
1375,validacao
1376,treino
1377,treino
1378,validacao
1379,treino
1380,treino
1381,treino
1382,teste
1383,treino
1384,teste
1385,treino
1386,treino
1387,validacao
1388,validacao
1389,treino
1390,treino
1391,teste
1392,treino
1393,treino
1394,validacao
1395,treino
1396,treino
1397,teste
1398,treino
1399,treino
1400,validacao
1401,treino
1402,treino
1403,teste
1404,treino
1405,treino
1406,teste
1407,treino
1408,treino
1409,validacao
1410,treino
1411,teste
1412,teste
1413,treino
1414,validacao
1415,teste
1416,teste
1417,treino
1418,validacao
1419,validacao
1420,treino
1421,treino
1422,treino
1423,treino
1424,treino
1425,treino
1426,treino
1427,treino
1428,treino
1429,teste
1430,teste
1431,teste
1432,treino
1433,teste
1434,treino
1435,validacao
1436,validacao
1437,treino
1438,treino
1439,treino
1440,treino
1441,treino
1442,treino
1443,validacao
1444,treino
1445,validacao
1446,teste
1447,treino
1448,validacao
1449,treino
1450,treino
1451,teste
1452,teste
1453,validacao
1454,treino
1455,teste
1456,teste
1457,treino
1458,treino
1459,treino
1460,treino
1461,teste
1462,treino
1463,treino
1464,teste
1465,treino
1466,treino
1467,treino
1468,teste
1469,validacao
1470,treino
1471,treino
1472,treino
1473,treino
1474,teste
1475,teste
1476,treino
1477,treino
1478,validacao
1479,treino
1480,treino
1481,treino
1482,teste
1483,validacao
1484,validacao
1485,treino
1486,treino
1487,treino
1488,treino
1489,validacao
1490,treino
1491,treino
1492,treino
1493,teste
1494,teste
1495,treino
1496,validacao
1497,teste
1498,treino
1499,treino
1500,teste
1501,teste
1502,treino
1503,treino
1504,treino
1505,validacao
1506,treino
1507,validacao
1508,validacao
1509,treino
1510,treino
1511,teste
1512,teste
1513,validacao
1514,validacao
1515,treino
1516,treino
1517,treino
1518,teste
1519,validacao
1520,treino
1521,treino
1522,treino
1523,treino
1524,validacao
1525,treino
1526,teste
1527,treino
1528,treino
1529,treino
1530,teste
1531,treino
1532,treino
1533,teste
1534,validacao
1535,validacao
1536,treino
1537,validacao
1538,treino
1539,validacao
1540,treino
1541,teste
1542,treino
1543,treino
1544,treino
1545,treino
1546,treino
1547,treino
1548,treino
1549,teste
1550,teste
1551,teste
1552,teste
1553,treino
1554,teste
1555,treino
1556,validacao
1557,treino
1558,treino
1559,treino
1560,treino
1561,treino
1562,validacao
1563,validacao
1564,teste
1565,treino
1566,treino
1567,treino
1568,treino
1569,validacao
1570,validacao
1571,teste
1572,teste
1573,teste
1574,validacao
1575,treino
1576,teste
1577,treino
1578,validacao
1579,treino
1580,treino
1581,treino
1582,treino
1583,treino
1584,validacao
1585,treino
1586,treino
1587,validacao
1588,treino
1589,treino
1590,treino
1591,treino
1592,treino
1593,treino
1594,treino
1595,teste
1596,validacao
1597,treino
1598,teste
1599,treino
1600,treino
1601,treino
1602,treino
1603,treino
1604,validacao
1605,treino
1606,treino
1607,treino
1608,validacao
1609,treino
1610,treino
1611,validacao
1612,treino
1613,treino
1614,treino
1615,treino
1616,validacao
1617,teste
1618,treino
1619,treino
1620,validacao
1621,treino
1622,validacao
1623,teste
1624,treino
1625,validacao
1626,teste
1627,validacao
1628,treino
1629,treino
1630,treino
1631,teste
1632,treino
1633,teste
1634,teste
1635,treino
1636,treino
1637,teste
1638,treino
1639,treino
1640,treino
1641,treino
1642,treino
1643,treino
1644,validacao
1645,treino
1646,treino
1647,treino
1648,treino
1649,treino
1650,treino
1651,treino
1652,treino
1653,treino
1654,treino
1655,treino
1656,validacao
1657,treino
1658,treino
1659,validacao
1660,treino
1661,treino
1662,teste
1663,validacao
1664,validacao
1665,treino
1666,validacao
1667,treino
1668,teste
1669,treino
1670,teste
1671,treino
1672,treino
1673,teste
1674,teste
1675,teste
1676,treino
1677,treino
1678,treino
1679,treino
1680,teste
1681,validacao
1682,teste
1683,treino
1684,validacao
1685,validacao
1686,treino
1687,treino
1688,treino
1689,validacao
1690,validacao
1691,treino
1692,treino
1693,validacao
1694,teste
1695,treino
1696,treino
1697,teste
1698,treino
1699,treino
1700,treino
1701,treino
1702,treino
1703,treino
1704,validacao
1705,treino
1706,treino
1707,teste
1708,treino
1709,validacao
1710,validacao
1711,treino
1712,treino
1713,treino
1714,teste
1715,validacao
1716,treino
1717,validacao
1718,treino
1719,treino
1720,validacao
1721,treino
1722,treino
1723,validacao
1724,treino
1725,treino
1726,validacao
1727,teste
1728,teste
1729,teste
1730,treino
1731,treino
1732,treino
1733,treino
1734,treino
1735,treino
1736,treino
1737,validacao
1738,treino
1739,teste
1740,teste
1741,treino
1742,teste
1743,treino
1744,teste
1745,teste
1746,treino
1747,teste
1748,treino
1749,teste
1750,validacao
1751,teste
1752,treino
1753,validacao
1754,treino
1755,validacao
1756,treino
1757,treino
1758,treino
1759,treino
1760,treino
1761,teste
1762,treino
1763,teste
1764,treino
1765,treino
1766,treino
1767,treino
1768,treino
1769,treino
1770,validacao
1771,treino
1772,validacao
1773,teste
1774,treino
1775,teste
1776,treino
1777,treino
1778,treino
1779,treino
1780,treino
1781,treino
1782,validacao
1783,treino
1784,treino
1785,treino
1786,treino
1787,treino
1788,treino
1789,treino
1790,validacao
1791,treino
1792,treino
1793,treino
1794,treino
1795,treino
1796,treino
1797,treino
1798,treino
1799,teste
1800,validacao
1801,teste
1802,validacao
1803,teste
1804,validacao
1805,treino
1806,teste
1807,validacao
1808,treino
1809,validacao
1810,validacao
1811,treino
1812,validacao
1813,treino
1814,validacao
1815,treino
1816,treino
1817,teste
1818,treino
1819,teste
1820,treino
1821,treino
1822,treino
1823,treino
1824,teste
1825,treino
1826,treino
1827,treino
1828,treino
1829,treino
1830,treino
1831,treino
1832,treino
1833,teste
1834,treino
1835,treino
1836,treino
1837,treino
1838,validacao
1839,treino
1840,teste
1841,treino
1842,treino
1843,validacao
1844,teste
1845,validacao
1846,teste
1847,validacao
1848,validacao
1849,treino
1850,validacao
1851,teste
1852,validacao
1853,validacao
1854,treino
1855,treino
1856,teste
1857,treino
1858,teste
1859,treino
1860,teste
1861,validacao
1862,treino
1863,teste
1864,teste
1865,treino
1866,treino
1867,validacao
1868,treino
1869,treino
1870,validacao
1871,treino
1872,treino
1873,treino
1874,teste
1875,treino
1876,validacao
1877,treino
1878,treino
1879,treino
1880,treino
1881,treino
1882,treino
1883,treino
1884,treino
1885,treino
1886,validacao
1887,treino
1888,treino
1889,treino
1890,treino
1891,treino
1892,validacao
1893,treino
1894,treino
1895,validacao
1896,treino
1897,validacao
1898,treino
1899,validacao
1900,treino
1901,validacao
1902,treino
1903,treino
1904,treino
1905,treino
1906,validacao
1907,teste
1908,teste
1909,treino
1910,treino
1911,treino
1912,validacao
1913,teste
1914,treino
1915,treino
1916,treino
1917,teste
1918,treino
1919,treino
1920,treino
1921,validacao
1922,teste
1923,treino
1924,teste
1925,treino
1926,treino
1927,treino
1928,teste
1929,teste
1930,treino
1931,teste
1932,treino
1933,treino
1934,treino
1935,teste
1936,treino
1937,treino
1938,treino
1939,treino
1940,validacao
1941,treino
1942,treino
1943,treino
1944,treino
1945,treino
1946,validacao
1947,treino
1948,treino
1949,treino
1950,teste
1951,teste
1952,validacao
1953,validacao
1954,treino
1955,treino
1956,treino
1957,teste
1958,treino
1959,treino
1960,teste
1961,treino
1962,teste
1963,teste
1964,treino
1965,treino
1966,validacao
1967,validacao
1968,treino
1969,treino
1970,treino
1971,treino
1972,treino
1973,treino
1974,validacao
1975,validacao
1976,treino
1977,validacao
1978,treino
1979,teste
1980,treino
1981,teste
1982,treino
1983,validacao
1984,teste
1985,validacao
1986,teste
1987,teste
1988,validacao
1989,validacao
1990,treino
1991,treino
1992,treino
1993,validacao
1994,validacao
1995,treino
1996,teste
1997,treino
1998,treino
1999,treino
2000,validacao
2001,treino
2002,teste
2003,treino
2004,treino
2005,treino
2006,treino
2007,treino
2008,validacao
2009,teste
2010,treino
2011,teste
2012,treino
2013,teste
2014,treino
2015,teste
2016,validacao
2017,validacao
2018,treino
2019,treino
2020,validacao
2021,validacao
2022,treino
2023,treino
2024,validacao
2025,teste
2026,teste
2027,treino
2028,validacao
2029,treino
2030,teste
2031,validacao
2032,treino
2033,treino
2034,treino
2035,treino
2036,treino
2037,treino
2038,treino
2039,treino
2040,treino
2041,treino
2042,validacao
2043,validacao
2044,treino
2045,validacao
2046,treino
2047,treino
2048,treino
2049,treino
2050,treino
2051,teste
2052,teste
2053,treino
2054,teste
2055,validacao
2056,treino
2057,teste
2058,treino
2059,teste
2060,treino
2061,validacao
2062,treino
2063,teste
2064,teste
2065,treino
2066,validacao
2067,treino
2068,teste
2069,treino
2070,treino
2071,treino
2072,treino
2073,validacao
2074,validacao
2075,treino
2076,treino
2077,treino
2078,treino
2079,validacao
2080,treino
2081,treino
2082,treino
2083,teste
2084,treino
2085,treino
2086,teste
2087,teste
2088,treino
2089,treino
2090,treino
2091,treino
2092,validacao
2093,treino
2094,treino
2095,treino
2096,treino
2097,treino
2098,treino
2099,teste
2100,validacao
2101,validacao
2102,validacao
2103,treino
2104,treino
2105,treino
2106,treino
2107,validacao
2108,validacao
2109,treino
2110,treino
2111,treino
2112,validacao
2113,treino
2114,teste
2115,validacao
2116,validacao
2117,teste
2118,treino
2119,treino
2120,treino
2121,validacao
2122,treino
2123,treino
2124,validacao
2125,teste
2126,validacao
2127,treino
2128,treino
2129,treino
2130,validacao
2131,treino
2132,treino
2133,treino
2134,treino
2135,teste
2136,treino
2137,treino
2138,treino
2139,treino
2140,treino
2141,teste
2142,treino
2143,treino
2144,treino
2145,validacao
2146,teste
2147,treino
2148,teste
2149,treino
2150,validacao
2151,treino
2152,validacao
2153,validacao
2154,validacao
2155,treino
2156,treino
2157,treino
2158,teste
2159,treino
2160,treino
2161,teste
2162,treino
2163,treino
2164,treino
2165,validacao
2166,validacao
2167,teste
2168,teste
2169,validacao
2170,treino
2171,validacao
2172,validacao
2173,treino
2174,treino
2175,teste
2176,treino
2177,treino
2178,teste
2179,teste
2180,treino
2181,treino
2182,validacao
2183,treino
2184,treino
2185,treino
2186,treino
2187,validacao
2188,treino
2189,validacao
2190,treino
2191,treino
2192,teste
2193,validacao
2194,validacao
2195,validacao
2196,treino
2197,validacao
2198,treino
2199,treino
2200,treino
2201,validacao
2202,validacao
2203,validacao
2204,treino
2205,validacao
2206,treino
2207,treino
2208,treino
2209,teste
2210,treino
2211,treino
2212,teste
2213,treino
2214,treino
2215,treino
2216,validacao
2217,treino
2218,treino
2219,teste
2220,treino
2221,treino
2222,teste
2223,treino
2224,validacao
2225,teste
2226,teste
2227,treino
2228,treino
2229,teste
2230,teste
2231,validacao
2232,treino
2233,treino
2234,treino
2235,treino
2236,treino
2237,treino
2238,validacao
2239,teste
2240,teste
2241,treino
2242,treino
2243,validacao
2244,validacao
2245,validacao
2246,treino
2247,treino
2248,treino
2249,validacao
2250,validacao
2251,treino
2252,treino
2253,treino
2254,treino
2255,treino
2256,treino
2257,treino
2258,treino
2259,teste
2260,teste
2261,treino
2262,teste
2263,treino
2264,treino
2265,validacao
2266,treino
2267,validacao
2268,treino
2269,validacao
2270,treino
2271,teste
2272,teste
2273,treino
2274,treino
2275,treino
2276,treino
2277,treino
2278,validacao
2279,treino
2280,validacao
2281,treino
2282,treino
2283,teste
2284,treino
2285,treino
2286,treino
2287,treino
2288,teste
2289,validacao
2290,treino
2291,treino
2292,teste
2293,treino
2294,teste
2295,treino
2296,teste
2297,treino
2298,validacao
2299,teste
2300,treino
2301,teste
2302,treino
2303,teste
2304,teste
2305,validacao
2306,treino
2307,treino
2308,treino
2309,treino
2310,treino
2311,validacao
2312,treino
2313,treino
2314,treino
2315,teste
2316,treino
2317,treino
2318,validacao
2319,validacao
2320,treino
2321,treino
2322,treino
2323,treino
2324,validacao
2325,treino
2326,validacao
2327,teste
2328,treino
2329,treino
2330,treino
2331,teste
2332,teste
2333,validacao
2334,treino
2335,treino
2336,treino
2337,treino
2338,validacao
2339,treino
2340,treino
2341,treino
2342,teste
2343,treino
2344,teste
2345,treino
2346,treino
2347,treino
2348,teste
2349,treino
2350,treino
2351,treino
2352,treino
2353,teste
2354,treino
2355,validacao
2356,treino
2357,treino
2358,treino
2359,treino
2360,treino
2361,treino
2362,validacao
2363,treino
2364,treino
2365,treino
2366,treino
2367,teste
2368,teste
2369,teste
2370,treino
2371,treino
2372,treino
2373,treino
2374,validacao
2375,teste
2376,teste
2377,treino
2378,validacao
2379,treino
2380,treino
2381,treino
2382,validacao
2383,treino
2384,treino
2385,teste
2386,treino
2387,validacao
2388,validacao
2389,treino
2390,treino
2391,treino
2392,treino
2393,validacao
2394,teste
2395,treino
2396,treino
2397,treino
2398,teste
2399,treino
2400,validacao
2401,teste
2402,teste
2403,treino
2404,treino
2405,teste
2406,validacao
2407,treino
2408,treino
2409,treino
2410,treino
2411,treino
2412,teste
2413,treino
2414,treino
2415,treino
2416,treino
2417,validacao
2418,treino
2419,treino
2420,validacao
2421,treino
2422,treino
2423,treino
2424,treino
2425,treino
2426,teste
2427,treino
2428,validacao
2429,validacao
2430,treino
2431,treino
2432,teste
2433,validacao
2434,treino
2435,validacao
2436,treino
2437,treino
2438,treino
2439,treino
2440,validacao
2441,treino
2442,teste
2443,treino
2444,teste
2445,treino
2446,validacao
2447,treino
2448,validacao
2449,validacao
2450,treino
2451,treino
2452,teste
2453,treino
2454,validacao
2455,treino
2456,validacao
2457,teste
2458,treino
2459,treino
2460,teste
2461,teste
2462,teste
2463,treino
2464,validacao
2465,treino
2466,validacao
2467,treino
2468,teste
2469,teste
2470,teste
2471,validacao
2472,treino
2473,treino
2474,validacao
2475,validacao
2476,teste
2477,teste
2478,treino
2479,treino
2480,treino
2481,treino
2482,validacao
2483,treino
2484,treino
2485,treino
2486,treino
2487,treino
2488,validacao
2489,validacao
2490,validacao
2491,teste
2492,validacao
2493,validacao
2494,teste
2495,validacao
2496,treino
2497,treino
2498,validacao
2499,validacao
2500,teste
2501,treino
2502,treino
2503,validacao
2504,validacao
2505,treino
2506,treino
2507,validacao
2508,teste
2509,validacao
2510,treino
2511,treino
2512,treino
2513,validacao
2514,validacao
2515,treino
2516,treino
2517,treino
2518,treino
2519,teste
2520,teste
2521,treino
2522,teste
2523,treino
2524,validacao
2525,treino
2526,treino
2527,treino
2528,validacao
2529,treino
2530,treino
2531,teste
2532,treino
2533,treino
2534,teste
2535,treino
2536,teste
2537,treino
2538,treino
2539,validacao
2540,teste
2541,treino
2542,teste
2543,treino
2544,validacao
2545,treino
2546,treino
2547,treino
2548,validacao
2549,teste
2550,treino
2551,teste
2552,treino
2553,teste
2554,validacao
2555,treino
2556,treino
2557,treino
2558,treino
2559,validacao
2560,validacao
2561,treino
2562,treino
2563,treino
2564,treino
2565,treino
2566,treino
2567,treino
2568,validacao
2569,treino
2570,teste
2571,treino
2572,treino
2573,treino
2574,teste
2575,treino
2576,treino
2577,validacao
2578,teste
2579,treino
2580,treino
2581,validacao
2582,validacao
2583,validacao
2584,treino
2585,treino
2586,validacao
2587,treino
2588,treino
2589,validacao
2590,treino
2591,treino
2592,treino
2593,treino
2594,teste
2595,treino
2596,teste
2597,treino
2598,treino
2599,validacao
2600,treino
2601,validacao
2602,validacao
2603,treino
2604,validacao
2605,treino
2606,treino
2607,treino
2608,treino
2609,teste
2610,validacao
2611,treino
2612,treino
2613,treino
2614,validacao
2615,treino
2616,treino
2617,validacao
2618,validacao
2619,treino
2620,validacao
2621,treino
2622,treino
2623,treino
2624,treino
2625,validacao
2626,treino
2627,treino
2628,treino
2629,treino
2630,teste
2631,teste
2632,teste
2633,treino
2634,treino
2635,treino
2636,validacao
2637,treino
2638,treino
2639,teste
2640,treino
2641,treino
2642,treino
2643,treino
2644,treino
2645,treino
2646,teste
2647,treino
2648,treino
2649,validacao
2650,treino
2651,validacao
2652,teste
2653,treino
2654,treino
2655,treino
2656,treino
2657,validacao
2658,treino
2659,validacao
2660,treino
2661,teste
2662,teste
2663,treino
2664,treino
2665,teste
2666,treino
2667,treino
2668,teste
2669,treino
2670,validacao
2671,treino
2672,teste
2673,treino
2674,treino
2675,treino
2676,treino
2677,validacao
2678,treino
2679,treino
2680,validacao
2681,validacao
2682,validacao
2683,validacao
2684,treino
2685,treino
2686,treino
2687,validacao
2688,treino
2689,validacao
2690,teste
2691,treino
2692,treino
2693,treino
2694,validacao
2695,treino
2696,treino
2697,treino
2698,treino
2699,treino
2700,teste
2701,teste
2702,treino
2703,teste
2704,treino
2705,validacao
2706,treino
2707,treino
2708,validacao
2709,treino
2710,treino
2711,treino
2712,teste
2713,treino
2714,treino
2715,teste
2716,treino
2717,treino
2718,validacao
2719,treino
2720,treino
2721,treino
2722,treino
2723,treino
2724,treino
2725,treino
2726,treino
2727,treino
2728,treino
2729,treino
2730,treino
2731,treino
2732,treino
2733,treino
2734,teste
2735,treino
2736,validacao
2737,treino
2738,treino
2739,treino
2740,treino
2741,treino
2742,teste
2743,treino
2744,treino
2745,treino
2746,validacao
2747,treino
2748,teste
2749,treino
2750,treino
2751,treino
2752,validacao
2753,teste
2754,treino
2755,teste
2756,treino
2757,validacao
2758,treino
2759,treino
2760,validacao
2761,teste
2762,treino
2763,validacao
2764,treino
2765,treino
2766,treino
2767,treino
2768,validacao
2769,treino
2770,teste
2771,teste
2772,validacao
2773,treino
2774,treino
2775,teste
2776,teste
2777,validacao
2778,treino
2779,validacao
2780,treino
2781,treino
2782,treino
2783,validacao
2784,treino
2785,treino
2786,treino
2787,teste
2788,validacao
2789,treino
2790,teste
2791,validacao
2792,validacao
2793,treino
2794,treino
2795,treino
2796,treino
2797,validacao
2798,treino
2799,treino
2800,validacao
2801,treino
2802,treino
2803,validacao
2804,treino
2805,treino
2806,treino
2807,treino
2808,treino
2809,treino
2810,validacao
2811,teste
2812,treino
2813,treino
2814,teste
2815,treino
2816,treino
2817,treino
2818,teste
2819,treino
2820,treino
2821,teste
2822,validacao
2823,treino
2824,treino
2825,treino
2826,treino
2827,validacao
2828,treino
2829,teste
2830,treino
2831,treino
2832,treino
2833,treino
2834,treino
2835,treino
2836,validacao
2837,treino
2838,treino
2839,teste
2840,treino
2841,treino
2842,treino
2843,treino
2844,treino
2845,treino
2846,teste
2847,validacao
2848,treino
2849,treino
2850,treino
2851,teste
2852,treino
2853,treino
2854,treino
2855,treino
2856,treino
2857,treino
2858,teste
2859,teste
2860,teste
2861,teste
2862,validacao
2863,teste
2864,treino
2865,treino
2866,teste
2867,validacao
2868,treino
2869,teste
2870,treino
2871,validacao
2872,treino
2873,teste
2874,treino
2875,teste
2876,treino
2877,validacao
2878,treino
2879,treino
2880,teste
2881,treino
2882,treino
2883,treino
2884,teste
2885,treino
2886,treino
2887,teste
2888,treino
2889,teste
2890,teste
2891,validacao
2892,treino
2893,treino
2894,treino
2895,treino
2896,treino
2897,teste
2898,teste
2899,teste
2900,teste
2901,teste
2902,treino
2903,validacao
2904,treino
2905,treino
2906,treino
2907,validacao
2908,treino
2909,treino
2910,treino
2911,treino
2912,validacao
2913,teste
2914,treino
2915,teste
2916,teste
2917,treino
2918,treino
2919,validacao
2920,treino
2921,teste
2922,teste
2923,validacao
2924,treino
2925,validacao
2926,validacao
2927,treino
2928,treino
2929,validacao
2930,treino
2931,treino
2932,treino
2933,treino
2934,treino
2935,validacao
2936,treino
2937,validacao
2938,validacao
2939,validacao
2940,treino
2941,validacao
2942,validacao
2943,treino
2944,validacao
2945,teste
2946,treino
2947,validacao
2948,validacao
2949,treino
2950,treino
2951,teste
2952,validacao
2953,treino
2954,treino
2955,treino
2956,validacao
2957,treino
2958,treino
2959,treino
2960,teste
2961,teste
2962,treino
2963,treino
2964,treino
2965,teste
2966,treino
2967,teste
2968,teste
2969,treino
2970,treino
2971,treino
2972,treino
2973,treino
2974,treino
2975,treino
2976,treino
2977,treino
2978,treino
2979,teste
2980,treino
2981,treino
2982,treino
2983,validacao
2984,teste
2985,teste
2986,validacao
2987,treino
2988,treino
2989,treino
2990,treino
2991,treino
2992,validacao
2993,teste
2994,treino
2995,treino
2996,treino
2997,teste
2998,treino
2999,teste
3000,teste
3001,teste
3002,treino
3003,treino
3004,treino
3005,treino
3006,treino
3007,validacao
3008,teste
3009,treino
3010,treino
3011,treino
3012,teste
3013,teste
3014,treino
3015,treino
3016,teste
3017,treino
3018,teste
3019,validacao
3020,treino
3021,validacao
3022,treino
3023,treino
3024,treino
3025,teste
3026,validacao
3027,treino
3028,teste
3029,treino
3030,treino
3031,treino
3032,treino
3033,treino
3034,treino
3035,treino
3036,validacao
3037,treino
3038,validacao
3039,treino
3040,teste
3041,treino
3042,validacao
3043,validacao
3044,treino
3045,teste
3046,treino
3047,treino
3048,teste
3049,treino
3050,treino
3051,treino
3052,treino
3053,treino
3054,validacao
3055,treino
3056,treino
3057,validacao
3058,treino
3059,treino
3060,treino
3061,treino
3062,treino
3063,treino
3064,treino
3065,treino
3066,treino
3067,treino
3068,treino
3069,treino
3070,validacao
3071,treino
3072,treino
3073,treino
3074,treino
3075,treino
3076,teste
3077,treino
3078,treino
3079,treino
3080,teste
3081,treino
3082,treino
3083,teste
3084,treino
3085,teste
3086,validacao
3087,treino
3088,validacao
3089,treino
3090,validacao
3091,validacao
3092,treino
3093,treino
3094,validacao
3095,validacao
3096,teste
3097,teste
3098,treino
3099,validacao
3100,validacao
3101,treino
3102,treino
3103,treino
3104,validacao
3105,treino
3106,treino
3107,treino
3108,treino
3109,treino
3110,treino
3111,teste
3112,treino
3113,teste
3114,treino
3115,treino
3116,treino
3117,treino
3118,treino
3119,treino
3120,validacao
3121,treino
3122,teste
3123,treino
3124,teste
3125,treino
3126,validacao
3127,treino
3128,treino
3129,teste
3130,validacao
3131,validacao
3132,treino
3133,treino
3134,treino
3135,treino
3136,validacao
3137,validacao
3138,treino
3139,teste
3140,teste
3141,validacao
3142,treino
3143,treino
3144,treino
3145,treino
3146,validacao
3147,treino
3148,treino
3149,treino
3150,treino
3151,teste
3152,validacao
3153,validacao
3154,validacao
3155,teste
3156,treino
3157,treino
3158,treino
3159,validacao
3160,treino
3161,teste
3162,teste
3163,teste
3164,validacao
3165,treino
3166,treino
3167,validacao
3168,validacao
3169,treino
3170,treino
3171,teste
3172,validacao
3173,treino
3174,treino
3175,treino
3176,treino
3177,treino
3178,teste
3179,teste
3180,treino
3181,treino
3182,treino
3183,validacao
3184,validacao
3185,treino
3186,treino
3187,treino
3188,treino
3189,treino
3190,treino
3191,teste
3192,validacao
3193,validacao
3194,validacao
3195,treino
3196,treino
3197,treino
3198,treino
3199,treino
3200,treino
3201,treino
3202,teste
3203,validacao
3204,treino
3205,treino
3206,validacao
3207,teste
3208,treino
3209,treino
3210,treino
3211,treino
3212,validacao
3213,treino
3214,treino
3215,validacao
3216,teste
3217,validacao
3218,treino
3219,treino
3220,treino
3221,teste
3222,treino
3223,validacao
3224,teste
3225,teste
3226,treino
3227,treino
3228,treino
3229,treino
3230,treino
3231,treino
3232,treino
3233,treino
3234,treino
3235,teste
3236,teste
3237,treino
3238,treino
3239,treino
3240,treino
3241,treino
3242,treino
3243,treino
3244,treino
3245,treino
3246,treino
3247,validacao
3248,treino
3249,teste
3250,validacao
3251,treino
3252,validacao
3253,treino
3254,treino
3255,validacao
3256,treino
3257,validacao
3258,treino
3259,teste
3260,treino
3261,validacao
3262,teste
3263,treino
3264,validacao
3265,treino
3266,treino
3267,teste
3268,treino
3269,treino
3270,treino
3271,validacao
3272,treino
3273,treino
3274,teste
3275,teste
3276,teste
3277,treino
3278,validacao
3279,treino
3280,treino
3281,treino
3282,treino
3283,treino
3284,treino
3285,treino
3286,validacao
3287,treino
3288,treino
3289,treino
3290,teste
3291,validacao
3292,treino
3293,treino
3294,teste
3295,teste
3296,treino
3297,treino
3298,validacao
3299,treino
3300,validacao
3301,treino
3302,treino
3303,validacao
3304,validacao
3305,validacao
3306,treino
3307,treino
3308,treino
3309,teste
3310,teste
3311,treino
3312,treino
3313,treino
3314,validacao
3315,treino
3316,treino
3317,treino
3318,treino
3319,validacao
3320,treino
3321,treino
3322,teste
3323,treino
3324,treino
3325,treino
3326,teste
3327,validacao
3328,treino
3329,validacao
3330,treino
3331,validacao
3332,treino
3333,treino
3334,teste
3335,treino
3336,treino
3337,validacao
3338,validacao
3339,teste
3340,treino
3341,teste
3342,treino
3343,treino
3344,teste
3345,teste
3346,validacao
3347,treino
3348,treino
3349,treino
3350,validacao
3351,treino
3352,treino
3353,teste
3354,validacao
3355,treino
3356,validacao
3357,treino
3358,treino
3359,treino
3360,treino
3361,treino
3362,treino
3363,treino
3364,teste
3365,validacao
3366,teste
3367,treino
3368,treino
3369,treino
3370,treino
3371,treino
3372,validacao
3373,validacao
3374,teste
3375,validacao
3376,treino
3377,treino
3378,treino
3379,treino
3380,treino
3381,treino
3382,validacao
3383,treino
3384,treino
3385,treino
3386,treino
3387,treino
3388,treino
3389,validacao
3390,treino
3391,teste
3392,treino
3393,treino
3394,teste
3395,treino
3396,validacao
3397,teste
3398,treino
3399,validacao
3400,validacao
3401,treino
3402,teste
3403,validacao
3404,teste
3405,treino
3406,validacao
3407,treino
3408,treino
3409,treino
3410,treino
3411,treino
3412,teste
3413,teste
3414,validacao
3415,teste
3416,validacao
3417,treino
3418,teste
3419,treino
3420,teste
3421,teste
3422,treino
3423,validacao
3424,treino
3425,treino
3426,treino
3427,validacao
3428,treino
3429,validacao
3430,treino
3431,treino
3432,teste
3433,treino
3434,validacao
3435,treino
3436,treino
3437,validacao
3438,treino
3439,treino
3440,teste
3441,treino
3442,validacao
3443,treino
3444,teste
3445,treino
3446,teste
3447,treino
3448,teste
3449,treino
3450,treino
3451,treino
3452,teste
3453,treino
3454,treino
3455,treino
3456,treino
3457,treino
3458,treino
3459,teste
3460,teste
3461,treino
3462,validacao
3463,treino
3464,teste
3465,treino
3466,treino
3467,treino
3468,teste
3469,validacao
3470,treino
3471,treino
3472,treino
3473,validacao
3474,teste
3475,treino
3476,teste
3477,teste
3478,validacao
3479,treino
3480,validacao
3481,treino
3482,treino
3483,validacao
3484,validacao
3485,validacao
3486,treino
3487,teste
3488,treino
3489,validacao
3490,treino
3491,treino
3492,treino
3493,treino
3494,validacao
3495,validacao
3496,teste
3497,treino
3498,teste
3499,treino
3500,treino
3501,validacao
3502,treino
3503,treino
3504,treino
3505,validacao
3506,treino
3507,treino
3508,treino
3509,treino
3510,validacao
3511,treino
3512,validacao
3513,validacao
3514,treino
3515,treino
3516,treino
3517,teste
3518,validacao
3519,validacao
3520,teste
3521,teste
3522,teste
3523,teste
3524,validacao
3525,treino
3526,treino
3527,treino
3528,teste
3529,teste
3530,teste
3531,teste
3532,treino
3533,validacao
3534,treino
3535,validacao
3536,teste
3537,validacao
3538,teste
3539,treino
3540,treino
3541,validacao
3542,treino
3543,validacao
3544,validacao
3545,treino
3546,treino
3547,treino
3548,validacao
3549,treino
3550,treino
3551,treino
3552,treino
3553,teste
3554,treino
3555,teste
3556,treino
3557,treino
3558,treino
3559,treino
3560,validacao
3561,validacao
3562,validacao
3563,teste
3564,treino
3565,treino
3566,validacao
3567,validacao
3568,treino
3569,treino
3570,validacao
3571,teste
3572,treino
3573,treino
3574,treino
3575,treino
3576,treino
3577,validacao
3578,treino
3579,teste
3580,treino
3581,treino
3582,treino
3583,treino
3584,treino
3585,teste
3586,treino
3587,teste
3588,validacao
3589,treino
3590,treino
3591,validacao
3592,treino
3593,treino
3594,treino
3595,teste
3596,teste
3597,teste
3598,validacao
3599,teste
3600,validacao
3601,validacao
3602,validacao
3603,teste
3604,treino
3605,treino
3606,treino
3607,treino
3608,validacao
3609,treino
3610,treino
3611,validacao
3612,validacao
3613,treino
3614,treino
3615,treino
3616,teste
3617,treino
3618,treino
3619,treino
3620,treino
3621,treino
3622,treino
3623,treino
3624,validacao
3625,validacao
3626,teste
3627,teste
3628,teste
3629,teste
3630,teste
3631,treino
3632,teste
3633,treino
3634,treino
3635,teste
3636,teste
3637,treino
3638,teste
3639,teste
3640,validacao
3641,treino
3642,treino
3643,validacao
3644,teste
3645,validacao
3646,treino
3647,treino
3648,teste
3649,treino
3650,treino
3651,treino
3652,treino
3653,treino
3654,treino
3655,treino
3656,validacao
3657,teste
3658,treino
3659,treino
3660,validacao
3661,validacao
3662,treino
3663,validacao
3664,validacao
3665,teste
3666,treino
3667,treino
3668,treino
3669,treino
3670,validacao
3671,teste
3672,treino
3673,treino
3674,teste
3675,treino
3676,treino
3677,validacao
3678,validacao
3679,treino
3680,treino
3681,teste
3682,treino
3683,validacao
3684,treino
3685,validacao
3686,treino
3687,treino
3688,treino
3689,treino
3690,teste
3691,treino
3692,teste
3693,treino
3694,treino
3695,teste
3696,treino
3697,validacao
3698,teste
3699,teste
3700,teste
3701,treino
3702,teste
3703,treino
3704,treino
3705,treino
3706,treino
3707,treino
3708,treino
3709,treino
3710,treino
3711,validacao
3712,treino
3713,teste
3714,treino
3715,treino
3716,treino
3717,treino
3718,treino
3719,treino
3720,treino
3721,validacao
3722,treino
3723,treino
3724,treino
3725,treino
3726,treino
3727,treino
3728,treino
3729,treino
3730,treino
3731,validacao
3732,validacao
3733,treino
3734,teste
3735,validacao
3736,validacao
3737,treino
3738,treino
3739,treino
3740,validacao
3741,treino
3742,treino
3743,treino
3744,treino
3745,validacao
3746,teste
3747,teste
3748,teste
3749,treino
3750,treino
3751,treino
3752,treino
3753,validacao
3754,treino
3755,treino
3756,validacao
3757,treino
3758,treino
3759,treino
3760,treino
3761,treino
3762,treino
3763,treino
3764,teste
3765,treino
3766,validacao
3767,treino
3768,treino
3769,validacao
3770,treino
3771,treino
3772,treino
3773,treino
3774,treino
3775,teste
3776,treino
3777,treino
3778,treino
3779,treino
3780,treino
3781,treino
3782,validacao
3783,treino
3784,teste
3785,treino
3786,treino
3787,validacao
3788,treino
3789,validacao
3790,validacao
3791,treino
3792,treino
3793,treino
3794,treino
3795,validacao
3796,teste
3797,treino
3798,treino
3799,treino
3800,treino
3801,treino
3802,treino
3803,validacao
3804,treino
3805,treino
3806,teste
3807,treino
3808,treino
3809,validacao
3810,treino
3811,teste
3812,treino
3813,teste
3814,validacao
3815,treino
3816,validacao
3817,treino
3818,treino
3819,treino
3820,teste
3821,treino
3822,treino
3823,treino
3824,treino
3825,treino
3826,treino
3827,validacao
3828,validacao
3829,treino
3830,treino
3831,teste
3832,treino
3833,treino
3834,validacao
3835,validacao
3836,teste
3837,treino
3838,treino
3839,validacao
3840,treino
3841,validacao
3842,teste
3843,treino
3844,treino
3845,treino
3846,treino
3847,validacao
3848,teste
3849,treino
3850,treino
3851,validacao
3852,teste
3853,teste
3854,treino
3855,validacao
3856,teste
3857,treino
3858,teste
3859,treino
3860,treino
3861,treino
3862,treino
3863,treino
3864,treino
3865,treino
3866,validacao
3867,teste
3868,treino
3869,treino
3870,treino
3871,treino
3872,treino
3873,teste
3874,teste
3875,treino
3876,treino
3877,teste
3878,teste
3879,treino
3880,validacao
3881,treino
3882,treino
3883,treino
3884,teste
3885,treino
3886,validacao
3887,validacao
3888,validacao
3889,treino
3890,validacao
3891,validacao
3892,treino
3893,validacao
3894,validacao
3895,teste
3896,treino
3897,validacao
3898,treino
3899,teste
3900,treino
3901,validacao
3902,teste
3903,treino
3904,teste
3905,treino
3906,treino
3907,teste
3908,treino
3909,treino
3910,treino
3911,treino
3912,treino
3913,treino
3914,treino
3915,treino
3916,treino
3917,validacao
3918,treino
3919,validacao
3920,treino
3921,teste
3922,treino
3923,validacao
3924,treino
3925,treino
3926,treino
3927,treino
3928,treino
3929,treino
3930,validacao
3931,treino
3932,treino
3933,teste
3934,teste
3935,treino
3936,treino
3937,treino
3938,treino
3939,treino
3940,treino
3941,teste
3942,teste
3943,teste
3944,teste
3945,validacao
3946,treino
3947,validacao
3948,treino
3949,validacao
3950,treino
3951,treino
3952,treino
3953,validacao
3954,treino
3955,treino
3956,teste
3957,treino
3958,teste
3959,teste
3960,validacao
3961,treino
3962,treino
3963,treino
3964,treino
3965,teste
3966,treino
3967,treino
3968,treino
3969,treino
3970,treino
3971,validacao
3972,treino
3973,teste
3974,treino
3975,treino
3976,treino
3977,treino
3978,teste
3979,treino
3980,treino
3981,teste
3982,treino
3983,validacao
3984,treino
3985,teste
3986,treino
3987,teste
3988,validacao
3989,treino
3990,treino
3991,validacao
3992,validacao
3993,validacao
3994,validacao
3995,validacao
3996,treino
3997,treino
3998,treino
3999,teste
4000,treino
4001,treino
4002,treino
4003,validacao
4004,validacao
4005,treino
4006,teste
4007,validacao
4008,treino
4009,validacao
4010,treino
4011,treino
4012,validacao
4013,treino
4014,validacao
4015,teste
4016,teste
4017,treino
4018,teste
4019,treino
4020,treino
4021,validacao
4022,teste
4023,treino
4024,treino
4025,treino
4026,treino
4027,teste
4028,treino
4029,treino
4030,treino
4031,teste
4032,treino
4033,treino
4034,validacao
4035,treino
4036,validacao
4037,treino
4038,treino
4039,treino
4040,validacao
4041,validacao
4042,treino
4043,validacao
4044,treino
4045,treino
4046,treino
4047,treino
4048,treino
4049,teste
4050,validacao
4051,validacao
4052,treino
4053,teste
4054,treino
4055,treino
4056,treino
4057,treino
4058,teste
4059,treino
4060,validacao
4061,teste
4062,teste
4063,treino
4064,teste
4065,treino
4066,treino
4067,teste
4068,validacao
4069,treino
4070,treino
4071,treino
4072,treino
4073,treino
4074,validacao
4075,treino
4076,treino
4077,treino
4078,teste
4079,treino
4080,treino
4081,treino
4082,treino
4083,treino
4084,validacao
4085,treino
4086,treino
4087,teste
4088,teste
4089,validacao
4090,validacao
4091,validacao
4092,validacao
4093,treino
4094,treino
4095,validacao
4096,validacao
4097,validacao
4098,treino
4099,treino
4100,treino
4101,treino
4102,treino
4103,treino
4104,treino
4105,validacao
4106,treino
4107,validacao
4108,validacao
4109,treino
4110,treino
4111,treino
4112,treino
4113,teste
4114,teste
4115,validacao
4116,treino
4117,treino
4118,validacao
4119,treino
4120,teste
4121,treino
4122,validacao
4123,treino
4124,teste
4125,treino
4126,validacao
4127,treino
4128,treino
4129,treino
4130,treino
4131,teste
4132,validacao
4133,teste
4134,validacao
4135,treino
4136,treino
4137,validacao
4138,treino
4139,validacao
4140,treino
4141,teste
4142,teste
4143,teste
4144,treino
4145,treino
4146,teste
4147,treino
4148,treino
4149,teste
4150,treino
4151,treino
4152,treino
4153,treino
4154,treino
4155,treino
4156,validacao
4157,teste
4158,treino
4159,validacao
4160,treino
4161,validacao
4162,treino
4163,treino
4164,treino
4165,teste
4166,validacao
4167,treino
4168,validacao
4169,treino
4170,treino
4171,treino
4172,treino
4173,validacao
4174,treino
4175,teste
4176,treino
4177,treino
4178,treino
4179,treino
4180,teste
4181,treino
4182,validacao
4183,treino
4184,treino
4185,treino
4186,treino
4187,treino
4188,treino
4189,teste
4190,teste
4191,treino
4192,treino
4193,teste
4194,treino
4195,treino
4196,treino
4197,teste
4198,treino
4199,treino
4200,treino
4201,teste
4202,validacao
4203,treino
4204,validacao
4205,teste
4206,treino
4207,teste
4208,validacao
4209,treino
4210,treino
4211,validacao
4212,teste
4213,validacao
4214,teste
4215,treino
4216,treino
4217,treino
4218,teste
4219,teste
4220,treino
4221,teste
4222,treino
4223,treino
4224,teste
4225,treino
4226,teste
4227,teste
4228,validacao
4229,teste
4230,validacao
4231,treino
4232,validacao
4233,teste
4234,teste
4235,treino
4236,treino
4237,treino
4238,teste
4239,validacao
4240,teste
4241,treino
4242,validacao
4243,treino
4244,validacao
4245,treino
4246,treino
4247,treino
4248,treino
4249,teste
4250,treino
4251,treino
4252,validacao
4253,validacao
4254,treino
4255,validacao
4256,treino
4257,validacao
4258,treino
4259,treino
4260,treino
4261,treino
4262,treino
4263,teste
4264,treino
4265,treino
4266,treino
4267,treino
4268,treino
4269,validacao
4270,validacao
4271,teste
4272,treino
4273,treino
4274,treino
4275,treino
4276,treino
4277,validacao
4278,treino
4279,teste
4280,treino
4281,validacao
4282,treino
4283,teste
4284,validacao
4285,validacao
4286,validacao
4287,treino
4288,treino
4289,treino
4290,teste
4291,teste
4292,treino
4293,treino
4294,treino
4295,teste
4296,teste
4297,treino
4298,treino
4299,treino
4300,teste
4301,treino
4302,teste
4303,validacao
4304,validacao
4305,treino
4306,validacao
4307,treino
4308,treino
4309,treino
4310,treino
4311,teste
4312,treino
4313,teste
4314,treino
4315,validacao
4316,treino
4317,treino
4318,treino
4319,validacao
4320,validacao
4321,validacao
4322,validacao
4323,validacao
4324,treino
4325,validacao
4326,teste
4327,validacao
4328,treino
4329,teste
4330,treino
4331,treino
4332,teste
4333,treino
4334,treino
4335,teste
4336,treino
4337,teste
4338,teste
4339,treino
4340,treino
4341,validacao
4342,validacao
4343,validacao
4344,treino
4345,teste
4346,teste
4347,treino
4348,validacao
4349,treino
4350,validacao
4351,treino
4352,treino
4353,teste
4354,treino
4355,treino
4356,treino
4357,validacao
4358,teste
4359,treino
4360,teste
4361,treino
4362,teste
4363,treino
4364,teste
4365,validacao
4366,treino
4367,treino
4368,teste
4369,treino
4370,validacao
4371,treino
4372,teste
4373,treino
4374,validacao
4375,treino
4376,treino
4377,treino
4378,treino
4379,treino
4380,validacao
4381,treino
4382,teste
4383,treino
4384,treino
4385,treino
4386,teste
4387,treino
4388,treino
4389,treino
4390,treino
4391,teste
4392,teste
4393,treino
4394,teste
4395,treino
4396,teste
4397,treino
4398,treino
4399,validacao
4400,treino
4401,validacao
4402,treino
4403,treino
4404,teste
4405,treino
4406,teste
4407,treino
4408,validacao
4409,treino
4410,treino
4411,treino
4412,teste
4413,treino
4414,treino
4415,treino
4416,validacao
4417,treino
4418,teste
4419,teste
4420,validacao
4421,validacao
4422,treino
4423,validacao
4424,treino
4425,validacao
4426,teste
4427,teste
4428,treino
4429,validacao
4430,treino
4431,treino
4432,teste
4433,validacao
4434,treino
4435,validacao
4436,treino
4437,treino
4438,treino
4439,treino
4440,validacao
4441,treino
4442,validacao
4443,treino
4444,treino
4445,validacao
4446,validacao
4447,teste
4448,treino
4449,treino
4450,teste
4451,treino
4452,validacao
4453,treino
4454,validacao
4455,validacao
4456,teste
4457,treino
4458,treino
4459,treino
4460,treino
4461,validacao
4462,validacao
4463,validacao
4464,treino
4465,treino
4466,validacao
4467,validacao
4468,validacao
4469,treino
4470,treino
4471,validacao
4472,teste
4473,teste
4474,validacao
4475,treino
4476,teste
4477,validacao
4478,treino
4479,validacao
4480,treino
4481,treino
4482,teste
4483,teste
4484,treino
4485,treino
4486,teste
4487,teste
4488,validacao
4489,treino
4490,treino
4491,treino
4492,treino
4493,validacao
4494,teste
4495,treino
4496,treino
4497,treino
4498,treino
4499,treino
4500,treino
4501,treino
4502,treino
4503,treino
4504,treino
4505,treino
4506,validacao
4507,treino
4508,treino
4509,treino
4510,treino
4511,treino
4512,treino
4513,treino
4514,validacao
4515,validacao
4516,treino
4517,validacao
4518,treino
4519,treino
4520,treino
4521,treino
4522,validacao
4523,teste
4524,treino
4525,teste
4526,validacao
4527,teste
4528,treino
4529,treino
4530,treino
4531,teste
4532,validacao
4533,treino
4534,validacao
4535,teste
4536,treino
4537,treino
4538,teste
4539,treino
4540,treino
4541,treino
4542,teste
4543,treino
4544,validacao
4545,treino
4546,validacao
4547,teste
4548,validacao
4549,teste
4550,validacao
4551,treino
4552,treino
4553,validacao
4554,treino
4555,validacao
4556,teste
4557,treino
4558,validacao
4559,teste
4560,validacao
4561,treino
4562,validacao
4563,validacao
4564,treino
4565,treino
4566,validacao
4567,treino
4568,teste
4569,teste
4570,validacao
4571,teste
4572,treino
4573,validacao
4574,treino
4575,validacao
4576,treino
4577,validacao
4578,treino
4579,treino
4580,validacao
4581,treino
4582,treino
4583,validacao
4584,treino
4585,treino
4586,validacao
4587,treino
4588,treino
4589,treino
4590,treino
4591,treino
4592,treino
4593,treino
4594,treino
4595,validacao
4596,treino
4597,validacao
4598,treino
4599,validacao
4600,treino
4601,treino
4602,teste
4603,validacao
4604,treino
4605,treino
4606,validacao
4607,validacao
4608,treino
4609,treino
4610,treino
4611,treino
4612,treino
4613,teste
4614,treino
4615,teste
4616,treino
4617,treino
4618,treino
4619,treino
4620,teste
4621,treino
4622,validacao
4623,treino
4624,validacao
4625,treino
4626,treino
4627,validacao
4628,validacao
4629,teste
4630,treino
4631,treino
4632,treino
4633,validacao
4634,treino
4635,validacao
4636,treino
4637,treino
4638,teste
4639,treino
4640,treino
4641,treino
4642,teste
4643,validacao
4644,validacao
4645,teste
4646,treino
4647,treino
4648,teste
4649,treino
4650,treino
4651,treino
4652,teste
4653,validacao
4654,teste
4655,treino
4656,validacao
4657,teste
4658,validacao
4659,treino
4660,validacao
4661,teste
4662,treino
4663,treino
4664,teste
4665,validacao
4666,validacao
4667,treino
4668,validacao
4669,teste
4670,teste
4671,treino
4672,treino
4673,treino
4674,validacao
4675,validacao
4676,teste
4677,treino
4678,treino
4679,treino
4680,validacao
4681,treino
4682,treino
4683,treino
4684,treino
4685,teste
4686,treino
4687,treino
4688,treino
4689,validacao
4690,validacao
4691,validacao
4692,treino
4693,teste
4694,validacao
4695,treino
4696,teste
4697,treino
4698,treino
4699,treino
4700,validacao
4701,treino
4702,validacao
4703,treino
4704,treino
4705,treino
4706,treino
4707,teste
4708,treino
4709,treino
4710,validacao
4711,validacao
4712,treino
4713,treino
4714,treino
4715,treino
4716,treino
4717,treino
4718,treino
4719,teste
4720,treino
4721,treino
4722,treino
4723,treino
4724,validacao
4725,treino
4726,treino
4727,treino
4728,treino
4729,validacao
4730,validacao
4731,treino
4732,teste
4733,teste
4734,validacao
4735,validacao
4736,teste
4737,treino
4738,validacao
4739,treino
4740,treino
4741,treino
4742,treino
4743,validacao
4744,teste
4745,teste
4746,validacao
4747,treino
4748,teste
4749,treino
4750,treino
4751,teste
4752,treino
4753,teste
4754,validacao
4755,treino
4756,teste
4757,teste
4758,treino
4759,treino
4760,teste
4761,treino
4762,teste
4763,treino
4764,teste
4765,validacao
4766,validacao
4767,treino
4768,teste
4769,treino
4770,treino
4771,treino
4772,treino
4773,treino
4774,treino
4775,treino
4776,treino
4777,teste
4778,treino
4779,treino
4780,treino
4781,treino
4782,treino
4783,validacao
4784,treino
4785,validacao
4786,treino
4787,teste
4788,teste
4789,teste
4790,validacao
4791,teste
4792,treino
4793,teste
4794,treino
4795,treino
4796,validacao
4797,teste
4798,treino
4799,validacao
4800,treino
4801,treino
4802,treino
4803,treino
4804,treino
4805,treino
4806,validacao
4807,teste
4808,teste
4809,treino
4810,treino
4811,treino
4812,teste
4813,treino
4814,validacao
4815,treino
4816,treino
4817,treino
4818,treino
4819,treino
4820,treino
4821,treino
4822,teste
4823,treino
4824,treino
4825,treino
4826,treino
4827,treino
4828,treino
4829,treino
4830,treino
4831,treino
4832,teste
4833,teste
4834,teste
4835,treino
4836,validacao
4837,treino
4838,treino
4839,treino
4840,treino
4841,treino
4842,teste
4843,treino
4844,validacao
4845,validacao
4846,teste
4847,teste
4848,teste
4849,validacao
4850,validacao
4851,treino
4852,treino
4853,validacao
4854,validacao
4855,treino
4856,treino
4857,treino
4858,treino
4859,treino
4860,teste
4861,treino
4862,teste
4863,validacao
4864,treino
4865,teste
4866,treino
4867,treino
4868,treino
4869,teste
4870,teste
4871,teste
4872,teste
4873,validacao
4874,treino
4875,treino
4876,treino
4877,validacao
4878,teste
4879,treino
4880,treino
4881,treino
4882,treino
4883,treino
4884,teste
4885,treino
4886,treino
4887,treino
4888,teste
4889,treino
4890,teste
4891,treino
4892,teste
4893,treino
4894,teste
4895,treino
4896,teste
4897,treino
4898,validacao
4899,teste
4900,treino
4901,validacao
4902,treino
4903,teste
4904,treino
4905,treino
4906,treino
4907,treino
4908,treino
4909,validacao
4910,validacao
4911,treino
4912,teste
4913,treino
4914,treino
4915,treino
4916,treino
4917,validacao
4918,teste
4919,treino
4920,treino
4921,teste
4922,validacao
4923,treino
4924,validacao
4925,treino
4926,validacao
4927,treino
4928,treino
4929,teste
4930,teste
4931,teste
4932,treino
4933,validacao
4934,treino
4935,teste
4936,validacao
4937,teste
4938,teste
4939,treino
4940,treino
4941,validacao
4942,treino
4943,treino
4944,treino
4945,teste
4946,treino
4947,treino
4948,treino
4949,treino
4950,validacao
4951,treino
4952,treino
4953,treino
4954,validacao
4955,validacao
4956,treino
4957,treino
4958,validacao
4959,teste
4960,treino
4961,treino
4962,validacao
4963,treino
4964,treino
4965,treino
4966,teste
4967,treino
4968,teste
4969,treino
4970,validacao
4971,validacao
4972,validacao
4973,treino
4974,treino
4975,teste
4976,treino
4977,treino
4978,treino
4979,treino
4980,validacao
4981,treino
4982,teste
4983,treino
4984,teste
4985,treino
4986,validacao
4987,teste
4988,treino
4989,treino
4990,treino
4991,treino
4992,validacao
4993,treino
4994,teste
4995,teste
4996,teste
4997,treino
4998,validacao
4999,treino
5000,treino
5001,validacao
5002,teste
5003,treino
5004,treino
5005,treino
5006,treino
5007,treino
5008,treino
5009,treino
5010,treino
5011,treino
5012,treino
5013,treino
5014,treino
5015,validacao
5016,validacao
5017,teste
5018,treino
5019,treino
5020,treino
5021,treino
5022,validacao
5023,validacao
5024,treino
5025,validacao
5026,teste
5027,treino
5028,validacao
5029,treino
5030,validacao
5031,treino
5032,validacao
5033,validacao
5034,treino
5035,treino
5036,treino
5037,treino
5038,treino
5039,treino
5040,treino
5041,treino
5042,validacao
5043,teste
5044,validacao
5045,teste
5046,treino
5047,teste
5048,treino
5049,treino
5050,validacao
5051,treino
5052,validacao
5053,treino
5054,teste
5055,teste
5056,validacao
5057,teste
5058,treino
5059,treino
5060,treino
5061,validacao
5062,teste
5063,teste
5064,treino
5065,validacao
5066,validacao
5067,treino
5068,teste
5069,treino
5070,treino
5071,treino
5072,validacao
5073,treino
5074,validacao
5075,treino
5076,treino
5077,teste
5078,teste
5079,validacao
5080,treino
5081,teste
5082,teste
5083,validacao
5084,treino
5085,validacao
5086,treino
5087,treino
5088,teste
5089,treino
5090,treino
5091,teste
5092,validacao
5093,validacao
5094,treino
5095,treino
5096,treino
5097,treino
5098,treino
5099,teste
5100,teste
5101,teste
5102,treino
5103,validacao
5104,treino
5105,validacao
5106,treino
5107,validacao
5108,treino
5109,treino
5110,validacao
5111,treino
5112,treino
5113,validacao
5114,validacao
5115,treino
5116,treino
5117,treino
5118,treino
5119,treino
5120,validacao
5121,teste
5122,validacao
5123,validacao
5124,treino
5125,validacao
5126,treino
5127,treino
5128,treino
5129,validacao
5130,treino
5131,treino
5132,validacao
5133,treino
5134,teste
5135,treino
5136,teste
5137,treino
5138,treino
5139,treino
5140,treino
5141,treino
5142,treino
5143,treino
5144,treino
5145,treino
5146,treino
5147,treino
5148,treino
5149,validacao
5150,treino
5151,treino
5152,treino
5153,validacao
5154,treino
5155,treino
5156,treino
5157,treino
5158,treino
5159,teste
5160,treino
5161,treino
5162,treino
5163,validacao
5164,treino
5165,validacao
5166,treino
5167,validacao
5168,validacao
5169,teste
5170,teste
5171,teste
5172,teste
5173,teste
5174,treino
5175,validacao
5176,treino
5177,treino
5178,validacao
5179,teste
5180,treino
5181,treino
5182,treino
5183,treino
5184,treino
5185,teste
5186,teste
5187,validacao
5188,treino
5189,treino
5190,treino
5191,treino
5192,validacao
5193,treino
5194,teste
5195,treino
5196,teste
5197,treino
5198,treino
5199,treino
5200,treino
5201,validacao
5202,treino
5203,treino
5204,treino
5205,teste
5206,teste
5207,treino
5208,teste
5209,validacao
5210,treino
5211,treino
5212,treino
5213,treino
5214,treino
5215,treino
5216,treino
5217,teste
5218,treino
5219,treino
5220,treino
5221,treino
5222,treino
5223,validacao
5224,teste
5225,treino
5226,treino
5227,validacao
5228,treino
5229,treino
5230,treino
5231,teste
5232,treino
5233,treino
5234,teste
5235,validacao
5236,treino
5237,teste
5238,teste
5239,treino
5240,treino
5241,treino
5242,treino
5243,treino
5244,treino
5245,treino
5246,treino
5247,treino
5248,treino
5249,treino
5250,treino
5251,teste
5252,validacao
5253,teste
5254,teste
5255,treino
5256,validacao
5257,validacao
5258,treino
5259,teste
5260,treino
5261,treino
5262,teste
5263,treino
5264,treino
5265,teste
5266,treino
5267,validacao
5268,treino
5269,treino
5270,validacao
5271,treino
5272,treino
5273,treino
5274,treino
5275,treino
5276,teste
5277,treino
5278,teste
5279,treino
5280,treino
5281,treino
5282,treino
5283,validacao
5284,validacao
5285,treino
5286,treino
5287,treino
5288,teste
5289,teste
5290,treino
5291,treino
5292,treino
5293,treino
5294,treino
5295,teste
5296,validacao
5297,teste
5298,treino
5299,teste
5300,treino
5301,treino
5302,validacao
5303,treino
5304,treino
5305,treino
5306,treino
5307,treino
5308,treino
5309,treino
5310,treino
5311,treino
5312,treino
5313,teste
5314,treino
5315,validacao
5316,treino
5317,treino
5318,treino
5319,treino
5320,validacao
5321,treino
5322,treino
5323,treino
5324,teste
5325,validacao
5326,treino
5327,treino
5328,treino
5329,treino
5330,treino
5331,treino
5332,treino
5333,treino
5334,treino
5335,teste
5336,treino
5337,treino
5338,treino
5339,teste
5340,validacao
5341,validacao
5342,treino
5343,validacao
5344,teste
5345,treino
5346,teste
5347,teste
5348,teste
5349,treino
5350,treino
5351,teste
5352,treino
5353,treino
5354,treino
5355,treino
5356,treino
5357,validacao
5358,treino
5359,teste
5360,teste
5361,treino
5362,teste
5363,treino
5364,treino
5365,treino
5366,treino
5367,validacao
5368,treino
5369,validacao
5370,validacao
5371,teste
5372,teste
5373,treino
5374,treino
5375,treino
5376,treino
5377,treino
5378,teste
5379,treino
5380,teste
5381,validacao
5382,treino
5383,teste
5384,validacao
5385,treino
5386,validacao
5387,validacao
5388,teste
5389,treino
5390,treino
5391,treino
5392,validacao
5393,teste
5394,treino
5395,treino
5396,teste
5397,treino
5398,treino
5399,teste
5400,validacao
5401,validacao
5402,treino
5403,treino
5404,validacao
5405,treino
5406,validacao
5407,validacao
5408,treino
5409,treino
5410,teste
5411,treino
5412,treino
5413,teste
5414,treino
5415,teste
5416,validacao
5417,treino
5418,validacao
5419,treino
5420,validacao
5421,treino
5422,teste
5423,treino
5424,treino
5425,teste
5426,teste
5427,treino
5428,treino
5429,teste
5430,teste
5431,treino
5432,treino
5433,validacao
5434,validacao
5435,treino
5436,validacao
5437,validacao
5438,treino
5439,treino
5440,treino
5441,teste
5442,treino
5443,validacao
5444,treino
5445,teste
5446,treino
5447,treino
5448,treino
5449,treino
5450,validacao
5451,treino
5452,validacao
5453,validacao
5454,treino
5455,validacao
5456,teste
5457,treino
5458,teste
5459,treino
5460,treino
5461,treino
5462,validacao
5463,treino
5464,validacao
5465,treino
5466,treino
5467,teste
5468,treino
5469,validacao
5470,teste
5471,treino
5472,validacao
5473,treino
5474,treino
5475,validacao
5476,treino
5477,teste
5478,treino
5479,teste
5480,treino
5481,teste
5482,treino
5483,treino
5484,validacao
5485,treino
5486,teste
5487,treino
5488,treino
5489,treino
5490,treino
5491,treino
5492,validacao
5493,treino
5494,teste
5495,treino
5496,validacao
5497,treino
5498,treino
5499,teste
5500,treino
5501,treino
5502,treino
5503,treino
5504,treino
5505,treino
5506,teste
5507,treino
5508,treino
5509,validacao
5510,teste
5511,treino
5512,treino
5513,teste
5514,teste
5515,treino
5516,validacao
5517,validacao
5518,treino
5519,teste
5520,treino
5521,teste
5522,treino
5523,teste
5524,treino
5525,validacao
5526,treino
5527,validacao
5528,validacao
5529,treino
5530,treino
5531,teste
5532,treino
5533,teste
5534,treino
5535,treino
5536,treino
5537,treino
5538,treino
5539,treino
5540,treino
5541,treino
5542,validacao
5543,treino
5544,treino
5545,treino
5546,treino
5547,validacao
5548,teste
5549,teste
5550,validacao
5551,treino
5552,treino
5553,treino
5554,validacao
5555,treino
5556,teste
5557,treino
5558,validacao
5559,treino
5560,treino
5561,teste
5562,treino
5563,treino
5564,treino
5565,validacao
5566,treino
5567,teste
5568,teste
5569,validacao
5570,treino
5571,teste
5572,teste
5573,teste
5574,validacao
5575,treino
5576,treino
5577,treino
5578,treino
5579,validacao
5580,treino
5581,treino
5582,treino
5583,treino
5584,treino
5585,teste
5586,validacao
5587,treino
5588,treino
5589,treino
5590,teste
5591,teste
5592,validacao
5593,validacao
5594,treino
5595,teste
5596,treino
5597,validacao
5598,treino
5599,treino
5600,teste
5601,teste
5602,treino
5603,teste
5604,teste
5605,treino
5606,treino
5607,teste
5608,treino
5609,teste
5610,teste
5611,treino
5612,treino
5613,treino
5614,validacao
5615,treino
5616,treino
5617,validacao
5618,treino
5619,treino
5620,treino
5621,treino
5622,treino
5623,treino
5624,validacao
5625,treino
5626,teste
5627,treino
5628,teste
5629,teste
5630,validacao
5631,treino
5632,teste
5633,treino
5634,treino
5635,validacao
5636,treino
5637,treino
5638,treino
5639,treino
5640,teste
5641,treino
5642,teste
5643,treino
5644,treino
5645,treino
5646,treino
5647,treino
5648,validacao
5649,treino
5650,treino
5651,treino
5652,treino
5653,treino
5654,treino
5655,treino
5656,treino
5657,teste
5658,treino
5659,treino
5660,validacao
5661,treino
5662,treino
5663,validacao
5664,treino
5665,teste
5666,treino
5667,treino
5668,treino
5669,treino
5670,treino
5671,treino
5672,teste
5673,treino
5674,teste
5675,treino
5676,validacao
5677,treino
5678,treino
5679,treino
5680,teste
5681,teste
5682,treino
5683,teste
5684,treino
5685,treino
5686,treino
5687,validacao
5688,validacao
5689,validacao
5690,treino
5691,treino
5692,teste
5693,validacao
5694,treino
5695,treino
5696,teste
5697,treino
5698,treino
5699,treino
5700,treino
5701,treino
5702,validacao
5703,treino
5704,treino
5705,treino
5706,validacao
5707,validacao
5708,validacao
5709,treino
5710,teste
5711,treino
5712,treino
5713,validacao
5714,validacao
5715,treino
5716,treino
5717,teste
5718,treino
5719,treino
5720,validacao
5721,treino
5722,treino
5723,validacao
5724,treino
5725,treino
5726,treino
5727,treino
5728,treino
5729,teste
5730,treino
5731,treino
5732,teste
5733,validacao
5734,teste
5735,teste
5736,teste
5737,treino
5738,treino
5739,treino
5740,treino
5741,treino
5742,teste
5743,validacao
5744,teste
5745,treino
5746,treino
5747,treino
5748,treino
5749,teste
5750,teste
5751,treino
5752,validacao
5753,teste
5754,treino
5755,treino
5756,validacao
5757,treino
5758,teste
5759,validacao
5760,validacao
5761,treino
5762,teste
5763,teste
5764,teste
5765,teste
5766,treino
5767,teste
5768,treino
5769,treino
5770,validacao
5771,treino
5772,treino
5773,teste
5774,treino
5775,treino
5776,treino
5777,treino
5778,treino
5779,treino
5780,treino
5781,treino
5782,treino
5783,treino
5784,treino
5785,treino
5786,treino
5787,treino
5788,validacao
5789,treino
5790,teste
5791,validacao
5792,teste
5793,treino
5794,treino
5795,treino
5796,treino
5797,treino
5798,treino
5799,treino
5800,validacao
5801,treino
5802,treino
5803,validacao
5804,treino
5805,treino
5806,treino
5807,teste
5808,treino
5809,treino
5810,treino
5811,teste
5812,validacao
5813,treino
5814,treino
5815,treino
5816,teste
5817,treino
5818,treino
5819,treino
5820,treino
5821,treino
5822,teste
5823,validacao
5824,treino
5825,validacao
5826,treino
5827,treino
5828,treino
5829,treino
5830,validacao
5831,treino
5832,treino
5833,treino
5834,treino
5835,validacao
5836,treino
5837,treino
5838,treino
5839,treino
5840,teste
5841,validacao
5842,validacao
5843,treino
5844,validacao
5845,treino
5846,validacao
5847,treino
5848,treino
5849,treino
5850,treino
5851,validacao
5852,teste
5853,validacao
5854,treino
5855,teste
5856,teste
5857,validacao
5858,validacao
5859,treino
5860,validacao
5861,validacao
5862,teste
5863,teste
5864,validacao
5865,treino
5866,treino
5867,teste
5868,treino
5869,treino
5870,treino
5871,treino
5872,validacao
5873,teste
5874,treino
5875,teste
5876,treino
5877,treino
5878,treino
5879,treino
5880,treino
5881,treino
5882,teste
5883,treino
5884,treino
5885,teste
5886,teste
5887,teste
5888,treino
5889,validacao
5890,treino
5891,treino
5892,teste
5893,treino
5894,treino
5895,treino
5896,validacao
5897,treino
5898,teste
5899,treino
5900,teste
5901,treino
5902,teste
5903,treino
5904,treino
5905,teste
5906,validacao
5907,treino
5908,teste
5909,treino
5910,validacao
5911,validacao
5912,treino
5913,validacao
5914,treino
5915,treino
5916,validacao
5917,treino
5918,treino
5919,treino
5920,treino
5921,treino
5922,treino
5923,treino
5924,treino
5925,treino
5926,teste
5927,treino
5928,treino
5929,validacao
5930,treino
5931,treino
5932,treino
5933,treino
5934,treino
5935,treino
5936,teste
5937,treino
5938,validacao
5939,treino
5940,treino
5941,teste
5942,treino
5943,validacao
5944,treino
5945,validacao
5946,treino
5947,teste
5948,treino
5949,validacao
5950,treino
5951,teste
5952,treino
5953,treino
5954,treino
5955,treino
5956,treino
5957,treino
5958,validacao
5959,treino
5960,validacao
5961,validacao
5962,treino
5963,treino
5964,teste
5965,treino
5966,treino
5967,treino
5968,validacao
5969,treino
5970,treino
5971,treino
5972,treino
5973,teste
5974,validacao
5975,teste
5976,validacao
5977,treino
5978,treino
5979,treino
5980,treino
5981,treino
5982,validacao
5983,teste
5984,validacao
5985,treino
5986,treino
5987,validacao
5988,treino
5989,validacao
5990,treino
5991,validacao
5992,treino
5993,treino
5994,treino
5995,validacao
5996,treino
5997,treino
5998,validacao
5999,treino
6000,treino
6001,validacao
6002,treino
6003,treino
6004,treino
6005,validacao
6006,treino
6007,treino
6008,treino
6009,teste
6010,treino
6011,teste
6012,treino
6013,treino
6014,teste
6015,treino
6016,validacao
6017,treino
6018,treino
6019,validacao
6020,treino
6021,validacao
6022,treino
6023,treino
6024,validacao
6025,teste
6026,treino
6027,treino
6028,treino
6029,teste
6030,treino
6031,treino
6032,treino
6033,treino
6034,teste
6035,treino
6036,validacao
6037,treino
6038,treino
6039,treino
6040,teste
6041,teste
6042,teste
6043,teste
6044,treino
6045,treino
6046,treino
6047,treino
6048,validacao
6049,validacao
6050,teste
6051,treino
6052,treino
6053,validacao
6054,treino
6055,teste
6056,teste
6057,teste
6058,treino
6059,teste
6060,treino
6061,teste
6062,treino
6063,treino
6064,treino
6065,treino
6066,treino
6067,teste
6068,treino
6069,validacao
6070,teste
6071,treino
6072,validacao
6073,teste
6074,teste
6075,validacao
6076,validacao
6077,treino
6078,treino
6079,validacao
6080,teste
6081,validacao
6082,treino
6083,treino
6084,treino
6085,treino
6086,treino
6087,treino
6088,validacao
6089,treino
6090,treino
6091,treino
6092,teste
6093,treino
6094,treino
6095,teste
6096,treino
6097,treino
6098,validacao
6099,validacao
6100,treino
6101,treino
6102,treino
6103,treino
6104,treino
6105,validacao
6106,treino
6107,treino
6108,treino
6109,treino
6110,treino
6111,treino
6112,validacao
6113,teste
6114,treino
6115,treino
6116,teste
6117,teste
6118,treino
6119,validacao
6120,teste
6121,validacao
6122,treino
6123,teste
6124,teste
6125,treino
6126,validacao
6127,treino
6128,validacao
6129,validacao
6130,validacao
6131,treino
6132,treino
6133,teste
6134,validacao
6135,validacao
6136,treino
6137,treino
6138,treino
6139,treino
6140,treino
6141,validacao
6142,teste
6143,treino
6144,validacao
6145,treino
6146,teste
6147,treino
6148,validacao
6149,treino
6150,validacao
6151,treino
6152,treino
6153,teste
6154,treino
6155,treino
6156,treino
6157,validacao
6158,teste
6159,teste
6160,treino
6161,treino
6162,teste
6163,validacao
6164,treino
6165,treino
6166,treino
6167,treino
6168,treino
6169,teste
6170,treino
6171,treino
6172,treino
6173,teste
6174,treino
6175,treino
6176,validacao
6177,treino
6178,teste
6179,treino
6180,treino
6181,validacao
6182,validacao
6183,treino
6184,teste
6185,treino
6186,treino
6187,teste
6188,teste
6189,validacao
6190,teste
6191,teste
6192,treino
6193,treino
6194,treino
6195,validacao
6196,treino
6197,validacao
6198,treino
6199,validacao
6200,treino
6201,treino
6202,treino
6203,treino
6204,treino
6205,treino
6206,treino
6207,treino
6208,treino
6209,treino
6210,validacao
6211,treino
6212,treino
6213,treino
6214,validacao
6215,treino
6216,teste
6217,treino
6218,treino
6219,treino
6220,treino
6221,validacao
6222,treino
6223,treino
6224,teste
6225,treino
6226,teste
6227,treino
6228,validacao
6229,treino
6230,treino
6231,treino
6232,treino
6233,validacao
6234,teste
6235,treino
6236,validacao
6237,treino
6238,treino
6239,validacao
6240,treino
6241,treino
6242,treino
6243,treino
6244,teste
6245,teste
6246,validacao
6247,treino
6248,validacao
6249,treino
6250,teste
6251,validacao
6252,teste
6253,treino
6254,validacao
6255,validacao
6256,treino
6257,treino
6258,teste
6259,teste
6260,treino
6261,treino
6262,teste
6263,treino
6264,treino
6265,treino
6266,teste
6267,treino
6268,treino
6269,treino
6270,treino
6271,teste
6272,teste
6273,treino
6274,teste
6275,treino
6276,teste
6277,treino
6278,validacao
6279,treino
6280,treino
6281,treino
6282,treino
6283,teste
6284,treino
6285,treino
6286,teste
6287,treino
6288,teste
6289,treino
6290,teste
6291,treino
6292,validacao
6293,validacao
6294,teste
6295,teste
6296,treino
6297,teste
6298,treino
6299,validacao
6300,teste
6301,validacao
6302,treino
6303,treino
6304,treino
6305,validacao
6306,treino
6307,validacao
6308,teste
6309,teste
6310,treino
6311,treino
6312,validacao
6313,treino
6314,teste
6315,treino
6316,treino
6317,validacao
6318,teste
6319,treino
6320,validacao
6321,treino
6322,validacao
6323,treino
6324,treino
6325,treino
6326,teste
6327,validacao
6328,teste
6329,treino
6330,treino
6331,treino
6332,teste
6333,validacao
6334,treino
6335,treino
6336,teste
6337,treino
6338,teste
6339,treino
6340,validacao
6341,validacao
6342,validacao
6343,treino
6344,validacao
6345,treino
6346,teste
6347,validacao
6348,treino
6349,treino
6350,treino
6351,validacao
6352,treino
6353,validacao
6354,treino
6355,teste
6356,validacao
6357,treino
6358,validacao
6359,teste
6360,validacao
6361,treino
6362,teste
6363,validacao
6364,validacao
6365,validacao
6366,treino
6367,treino
6368,treino
6369,teste
6370,treino
6371,treino
6372,teste
6373,teste
6374,treino
6375,treino
6376,treino
6377,treino
6378,treino
6379,treino
6380,treino
6381,treino
6382,treino
6383,validacao
6384,treino
6385,validacao
6386,treino
6387,validacao
6388,teste
6389,validacao
6390,treino
6391,treino
6392,teste
6393,validacao
6394,treino
6395,teste
6396,treino
6397,treino
6398,treino
6399,treino
6400,validacao
6401,treino
6402,treino
6403,validacao
6404,treino
6405,treino
6406,treino
6407,teste
6408,treino
6409,treino
6410,validacao
6411,treino
6412,treino
6413,treino
6414,teste
6415,validacao
6416,treino
6417,treino
6418,treino
6419,treino
6420,validacao
6421,treino
6422,teste
6423,validacao
6424,treino
6425,treino
6426,validacao
6427,treino
6428,treino
6429,treino
6430,treino
6431,treino
6432,validacao
6433,treino
6434,treino
6435,treino
6436,teste
6437,treino
6438,treino
6439,teste
6440,treino
6441,treino
6442,teste
6443,treino
6444,teste
6445,teste
6446,treino
6447,validacao
6448,treino
6449,validacao
6450,treino
6451,teste
6452,treino
6453,treino
6454,treino
6455,teste
6456,treino
6457,treino
6458,validacao
6459,treino
6460,teste
6461,treino
6462,teste
6463,treino
6464,treino
6465,validacao
6466,teste
6467,treino
6468,treino
6469,teste
6470,treino
6471,validacao
6472,treino
6473,treino
6474,validacao
6475,treino
6476,validacao
6477,treino
6478,teste
6479,treino
6480,teste
6481,treino
6482,treino
6483,treino
6484,treino
6485,validacao
6486,treino
6487,treino
6488,treino
6489,treino
6490,treino
6491,treino
6492,treino
6493,treino
6494,treino
6495,teste
6496,teste
6497,treino
6498,treino
6499,treino
6500,treino
6501,treino
6502,validacao
6503,treino
6504,treino
6505,treino
6506,validacao
6507,treino
6508,teste
6509,teste
6510,treino
6511,treino
6512,treino
6513,teste
6514,treino
6515,validacao
6516,treino
6517,treino
6518,teste
6519,treino
6520,treino
6521,validacao
6522,validacao
6523,treino
6524,treino
6525,validacao
6526,teste
6527,teste
6528,treino
6529,validacao
6530,treino
6531,teste
6532,treino
6533,treino
6534,validacao
6535,validacao
6536,treino
6537,treino
6538,teste
6539,treino
6540,treino
6541,validacao
6542,treino
6543,treino
6544,validacao
6545,teste
6546,treino
6547,treino
6548,treino
6549,treino
6550,treino
6551,treino
6552,validacao
6553,teste
6554,validacao
6555,treino
6556,treino
6557,treino
6558,teste
6559,validacao
6560,treino
6561,treino
6562,validacao
6563,treino
6564,treino
6565,treino
6566,teste
6567,treino
6568,treino
6569,teste
6570,teste
6571,validacao
6572,validacao
6573,treino
6574,treino
6575,treino
6576,teste
6577,treino
6578,teste
6579,treino
6580,teste
6581,validacao
6582,treino
6583,treino
6584,treino
6585,validacao
6586,treino
6587,treino
6588,validacao
6589,treino
6590,treino
6591,treino
6592,teste
6593,teste
6594,teste
6595,treino
6596,treino
6597,validacao
6598,teste
6599,treino
6600,treino
6601,treino
6602,validacao
6603,treino
6604,treino
6605,treino
6606,treino
6607,treino
6608,treino
6609,treino
6610,treino
6611,validacao
6612,teste
6613,treino
6614,treino
6615,treino
6616,teste
6617,validacao
6618,teste
6619,treino
6620,validacao
6621,validacao
6622,teste
6623,treino
6624,validacao
6625,treino
6626,teste
6627,validacao
6628,treino
6629,treino
6630,treino
6631,validacao
6632,validacao
6633,treino
6634,validacao
6635,treino
6636,teste
6637,teste
6638,validacao
6639,validacao
6640,teste
6641,teste
6642,teste
6643,treino
6644,treino
6645,teste
6646,validacao
6647,treino
6648,treino
6649,treino
6650,validacao
6651,validacao
6652,validacao
6653,validacao
6654,validacao
6655,treino
6656,treino
6657,treino
6658,teste
6659,treino
6660,treino
6661,validacao
6662,treino
6663,treino
6664,treino
6665,treino
6666,treino
6667,validacao
6668,teste
6669,treino
6670,treino
6671,treino
6672,validacao
6673,validacao
6674,teste
6675,treino
6676,teste
6677,treino
6678,validacao
6679,treino
6680,treino
6681,treino
6682,treino
6683,treino
6684,teste
6685,teste
6686,treino
6687,treino
6688,treino
6689,treino
6690,treino
6691,treino
6692,treino
6693,treino
6694,treino
6695,teste
6696,treino
6697,validacao
6698,treino
6699,treino
6700,treino
6701,treino
6702,teste
6703,validacao
6704,treino
6705,treino
6706,treino
6707,treino
6708,treino
6709,teste
6710,treino
6711,treino
6712,treino
6713,validacao
6714,treino
6715,treino
6716,treino
6717,treino
6718,treino
6719,teste
6720,treino
6721,treino
6722,teste
6723,validacao
6724,treino
6725,treino
6726,treino
6727,treino
6728,treino
6729,treino
6730,validacao
6731,validacao
6732,treino
6733,treino
6734,teste
6735,treino
6736,teste
6737,treino
6738,teste
6739,teste
6740,treino
6741,validacao
6742,validacao
6743,treino
6744,treino
6745,teste
6746,treino
6747,treino
6748,treino
6749,validacao
6750,validacao
6751,teste
6752,treino
6753,treino
6754,treino
6755,treino
6756,teste
6757,treino
6758,validacao
6759,treino
6760,teste
6761,treino
6762,treino
6763,validacao
6764,teste
6765,teste
6766,treino
6767,treino
6768,validacao
6769,validacao
6770,teste
6771,treino
6772,validacao
6773,treino
6774,treino
6775,treino
6776,teste
6777,treino
6778,teste
6779,validacao
6780,validacao
6781,treino
6782,treino
6783,teste
6784,treino
6785,treino
6786,treino
6787,teste
6788,treino
6789,validacao
6790,teste
6791,treino
6792,validacao
6793,treino
6794,validacao
6795,treino
6796,teste
6797,treino
6798,treino
6799,teste
6800,treino
6801,treino
6802,validacao
6803,validacao
6804,treino
6805,treino
6806,teste
6807,teste
6808,treino
6809,treino
6810,validacao
6811,teste
6812,validacao
6813,treino
6814,teste
6815,teste
6816,treino
6817,treino
6818,treino
6819,treino
6820,treino
6821,validacao
6822,treino
6823,validacao
6824,treino
6825,treino
6826,treino
6827,treino
6828,teste
6829,treino
6830,teste
6831,teste
6832,treino
6833,treino
6834,treino
6835,treino
6836,treino
6837,teste
6838,treino
6839,treino
6840,treino
6841,treino
6842,teste
6843,treino
6844,treino
6845,treino
6846,treino
6847,validacao
6848,validacao
6849,teste
6850,treino
6851,treino
6852,treino
6853,treino
6854,validacao
6855,treino
6856,treino
6857,treino
6858,teste
6859,treino
6860,treino
6861,treino
6862,treino
6863,treino
6864,treino
6865,teste
6866,validacao
6867,validacao
6868,treino
6869,treino
6870,treino
6871,treino
6872,teste
6873,treino
6874,teste
6875,treino
6876,treino
6877,treino
6878,treino
6879,teste
6880,treino
6881,treino
6882,treino
6883,treino
6884,validacao
6885,validacao
6886,treino
6887,treino
6888,treino
6889,validacao
6890,treino
6891,treino
6892,treino
6893,treino
6894,validacao
6895,teste
6896,validacao
6897,validacao
6898,treino
6899,treino
6900,teste
6901,treino
6902,treino
6903,treino
6904,treino
6905,teste
6906,validacao
6907,validacao
6908,teste
6909,treino
6910,validacao
6911,treino
6912,treino
6913,treino
6914,teste
6915,validacao
6916,teste
6917,validacao
6918,treino
6919,treino
6920,validacao
6921,treino
6922,treino
6923,teste
6924,treino
6925,teste
6926,treino
6927,treino
6928,treino
6929,treino
6930,validacao
6931,validacao
6932,validacao
6933,treino
6934,treino
6935,validacao
6936,validacao
6937,validacao
6938,treino
6939,treino
6940,treino
6941,teste
6942,treino
6943,treino
6944,treino
6945,treino
6946,teste
6947,validacao
6948,treino
6949,teste
6950,treino
6951,validacao
6952,treino
6953,validacao
6954,teste
6955,validacao
6956,treino
6957,treino
6958,validacao
6959,treino
6960,treino
6961,treino
6962,treino
6963,treino
6964,treino
6965,treino
6966,treino
6967,treino
6968,treino
6969,treino
6970,teste
6971,treino
6972,treino
6973,treino
6974,treino
6975,treino
6976,treino
6977,treino
6978,validacao
6979,treino
6980,treino
6981,treino
6982,treino
6983,treino
6984,treino
6985,treino
6986,treino
6987,treino
6988,validacao
6989,teste
6990,teste
6991,treino
6992,treino
6993,validacao
6994,treino
6995,teste
6996,validacao
6997,treino
6998,treino
6999,teste
7000,validacao
7001,teste
7002,validacao
7003,teste
7004,validacao
7005,treino
7006,teste
7007,validacao
7008,treino
7009,treino
7010,treino
7011,treino
7012,validacao
7013,treino
7014,treino
7015,treino
7016,treino
7017,validacao
7018,treino
7019,treino
7020,validacao
7021,validacao
7022,validacao
7023,validacao
7024,treino
7025,treino
7026,teste
7027,treino
7028,treino
7029,treino
7030,treino
7031,teste
7032,teste
7033,validacao
7034,teste
7035,treino
7036,teste
7037,validacao
7038,treino
7039,treino
7040,teste
7041,teste
7042,teste
7043,treino
7044,teste
7045,teste
7046,validacao
7047,teste
7048,treino
7049,treino
7050,treino
7051,treino
7052,treino
7053,treino
7054,treino
7055,treino
7056,teste
7057,teste
7058,validacao
7059,teste
7060,treino
7061,treino
7062,teste
7063,validacao
7064,treino
7065,validacao
7066,treino
7067,teste
7068,treino
7069,treino
7070,validacao
7071,teste
7072,treino
7073,validacao
7074,treino
7075,treino
7076,validacao
7077,teste
7078,treino
7079,teste
7080,treino
7081,treino
7082,treino
7083,teste
7084,treino
7085,treino
7086,validacao
7087,treino
7088,treino
7089,treino
7090,treino
7091,teste
7092,treino
7093,validacao
7094,treino
7095,treino
7096,teste
7097,treino
7098,treino
7099,teste
7100,treino
7101,treino
7102,treino
7103,treino
7104,teste
7105,treino
7106,treino
7107,treino
7108,teste
7109,treino
7110,treino
7111,treino
7112,teste
7113,treino
7114,teste
7115,treino
7116,treino
7117,validacao
7118,treino
7119,treino
7120,treino
7121,treino
7122,treino
7123,validacao
7124,treino
7125,treino
7126,validacao
7127,treino
7128,treino
7129,treino
7130,validacao
7131,teste
7132,teste
7133,treino
7134,treino
7135,treino
7136,treino
7137,treino
7138,treino
7139,validacao
7140,treino
7141,treino
7142,treino
7143,teste
7144,treino
7145,treino
7146,treino
7147,treino
7148,treino
7149,treino
7150,teste
7151,treino
7152,validacao
7153,treino
7154,treino
7155,teste
7156,treino
7157,treino
7158,treino
7159,treino
7160,validacao
7161,treino
7162,validacao
7163,treino
7164,treino
7165,treino
7166,treino
7167,treino
7168,teste
7169,treino
7170,teste
7171,teste
7172,teste
7173,teste
7174,treino
7175,treino
7176,treino
7177,treino
7178,treino
7179,treino
7180,treino
7181,teste
7182,treino
7183,treino
7184,teste
7185,validacao
7186,teste
7187,validacao
7188,teste
7189,validacao
7190,teste
7191,validacao
7192,validacao
7193,treino
7194,teste
7195,treino
7196,treino
7197,validacao
7198,treino
7199,teste
7200,treino
7201,treino
7202,validacao
7203,treino
7204,treino
7205,validacao
7206,treino
7207,treino
7208,treino
7209,treino
7210,teste
7211,treino
7212,treino
7213,teste
7214,treino
7215,validacao
7216,validacao
7217,teste
7218,treino
7219,treino
7220,teste
7221,treino
7222,teste
7223,validacao
7224,treino
7225,validacao
7226,treino
7227,treino
7228,teste
7229,teste
7230,teste
7231,treino
7232,treino
7233,treino
7234,validacao
7235,treino
7236,validacao
7237,teste
7238,treino
7239,teste
7240,treino
7241,treino
7242,treino
7243,validacao
7244,teste
7245,treino
7246,treino
7247,treino
7248,treino
7249,treino
7250,treino
7251,validacao
7252,treino
7253,validacao
7254,treino
7255,validacao
7256,treino
7257,validacao
7258,treino
7259,treino
7260,treino
7261,teste
7262,treino
7263,treino
7264,teste
7265,treino
7266,treino
7267,validacao
7268,treino
7269,treino
7270,treino
7271,treino
7272,teste
7273,teste
7274,teste
7275,teste
7276,teste
7277,treino
7278,treino
7279,validacao
7280,treino
7281,validacao
7282,treino
7283,treino
7284,validacao
7285,treino
7286,treino
7287,treino
7288,treino
7289,treino
7290,treino
7291,treino
7292,treino
7293,treino
7294,validacao
7295,validacao
7296,validacao
7297,treino
7298,treino
7299,treino
7300,validacao
7301,treino
7302,validacao
7303,teste
7304,treino
7305,validacao
7306,treino
7307,teste
7308,treino
7309,treino
7310,teste
7311,treino
7312,treino
7313,treino
7314,treino
7315,validacao
7316,teste
7317,validacao
7318,treino
7319,validacao
7320,treino
7321,treino
7322,validacao
7323,treino
7324,validacao
7325,treino
7326,treino
7327,teste
7328,treino
7329,validacao
7330,treino
7331,teste
7332,treino
7333,teste
7334,treino
7335,treino
7336,treino
7337,treino
7338,teste
7339,treino
7340,treino
7341,treino
7342,treino
7343,validacao
7344,treino
7345,teste
7346,treino
7347,teste
7348,treino
7349,teste
7350,treino
7351,validacao
7352,treino
7353,treino
7354,treino
7355,treino
7356,treino
7357,validacao
7358,treino
7359,treino
7360,teste
7361,treino
7362,treino
7363,treino
7364,teste
7365,treino
7366,treino
7367,validacao
7368,treino
7369,treino
7370,validacao
7371,treino
7372,treino
7373,treino
7374,teste
7375,treino
7376,validacao
7377,treino
7378,teste
7379,teste
7380,validacao
7381,teste
7382,teste
7383,treino
7384,validacao
7385,validacao
7386,treino
7387,treino
7388,treino
7389,treino
7390,validacao
7391,teste
7392,teste
7393,teste
7394,validacao
7395,treino
7396,validacao
7397,treino
7398,validacao
7399,validacao
7400,validacao
7401,teste
7402,treino
7403,treino
7404,validacao
7405,teste
7406,treino
7407,treino
7408,treino
7409,teste
7410,treino
7411,treino
7412,treino
7413,treino
7414,teste
7415,treino
7416,teste
7417,treino
7418,validacao
7419,treino
7420,treino
7421,treino
7422,validacao
7423,treino
7424,treino
7425,validacao
7426,treino
7427,treino
7428,treino
7429,treino
7430,teste
7431,treino
7432,treino
7433,treino
7434,treino
7435,teste
7436,treino
7437,treino
7438,treino
7439,treino
7440,validacao
7441,treino
7442,treino
7443,teste
7444,teste
7445,teste
7446,teste
7447,teste
7448,teste
7449,teste
7450,teste
7451,treino
7452,validacao
7453,teste
7454,teste
7455,treino
7456,treino
7457,treino
7458,treino
7459,treino
7460,treino
7461,treino
7462,validacao
7463,validacao
7464,validacao
7465,treino
7466,treino
7467,teste
7468,treino
7469,teste
7470,validacao
7471,treino
7472,validacao
7473,treino
7474,treino
7475,validacao
7476,treino
7477,validacao
7478,teste
7479,teste
7480,teste
7481,validacao
7482,teste
7483,teste
7484,validacao
7485,treino
7486,treino
7487,treino
7488,validacao
7489,teste
7490,treino
7491,treino
7492,validacao
7493,validacao
7494,treino
7495,teste
7496,validacao
7497,treino
7498,treino
7499,treino
7500,teste
7501,treino
7502,treino
7503,treino
7504,treino
7505,treino
7506,validacao
7507,teste
7508,teste
7509,teste
7510,treino
7511,treino
7512,treino
7513,treino
7514,treino
7515,treino
7516,treino
7517,treino
7518,treino
7519,treino
7520,validacao
7521,treino
7522,treino
7523,treino
7524,treino
7525,treino
7526,treino
7527,treino
7528,treino
7529,validacao
7530,treino
7531,treino
7532,treino
7533,treino
7534,validacao
7535,teste
7536,treino
7537,validacao
7538,treino
7539,treino
7540,treino
7541,treino
7542,treino
7543,teste
7544,validacao
7545,treino
7546,treino
7547,treino
7548,teste
7549,teste
7550,treino
7551,teste
7552,treino
7553,treino
7554,validacao
7555,treino
7556,treino
7557,treino
7558,treino
7559,teste
7560,treino
7561,treino
7562,treino
7563,treino
7564,treino
7565,treino
7566,validacao
7567,treino
7568,treino
7569,treino
7570,teste
7571,teste
7572,teste
7573,treino
7574,teste
7575,treino
7576,treino
7577,teste
7578,treino
7579,teste
7580,validacao
7581,treino
7582,validacao
7583,treino
7584,treino
7585,validacao
7586,treino
7587,validacao
7588,treino
7589,treino
7590,treino
7591,teste
7592,treino
7593,treino
7594,validacao
7595,treino
7596,teste
7597,teste
7598,teste
7599,validacao
7600,teste
7601,treino
7602,treino
7603,treino
7604,validacao
7605,treino
7606,treino
7607,validacao
7608,treino
7609,treino
7610,treino
7611,treino
7612,treino
7613,teste
7614,validacao
7615,treino
7616,treino
7617,treino
7618,validacao
7619,treino
7620,teste
7621,treino
7622,treino
7623,validacao
7624,treino
7625,validacao
7626,treino
7627,treino
7628,validacao
7629,treino
7630,treino
7631,treino
7632,treino
7633,treino
7634,treino
7635,treino
7636,treino
7637,validacao
7638,validacao
7639,treino
7640,treino
7641,teste
7642,treino
7643,validacao
7644,treino
7645,treino
7646,treino
7647,treino
7648,treino
7649,treino
7650,treino
7651,treino
7652,treino
7653,teste
7654,treino
7655,validacao
7656,treino
7657,treino
7658,treino
7659,treino
7660,teste
7661,treino
7662,treino
7663,treino
7664,treino
7665,treino
7666,treino
7667,treino
7668,validacao
7669,teste
7670,teste
7671,validacao
7672,validacao
7673,treino
7674,treino
7675,teste
7676,teste
7677,treino
7678,treino
7679,validacao
7680,teste
7681,validacao
7682,validacao
7683,treino
7684,treino
7685,treino
7686,treino
7687,treino
7688,treino
7689,treino
7690,treino
7691,treino
7692,treino
7693,treino
7694,teste
7695,treino
7696,treino
7697,teste
7698,treino
7699,treino
7700,validacao
7701,validacao
7702,treino
7703,treino
7704,treino
7705,treino
7706,treino
7707,treino
7708,validacao
7709,treino
7710,validacao
7711,treino
7712,treino
7713,treino
7714,treino
7715,treino
7716,treino
7717,treino
7718,treino
7719,teste
7720,treino
7721,treino
7722,treino
7723,validacao
7724,treino
7725,teste
7726,treino
7727,treino
7728,treino
7729,treino
7730,treino
7731,treino
7732,treino
7733,treino
7734,teste
7735,teste
7736,validacao
7737,teste
7738,teste
7739,treino
7740,treino
7741,treino
7742,teste
7743,validacao
7744,treino
7745,teste
7746,treino
7747,validacao
7748,treino
7749,treino
7750,treino
7751,treino
7752,treino
7753,treino
7754,treino
7755,treino
7756,treino
7757,treino
7758,treino
7759,treino
7760,treino
7761,validacao
7762,treino
7763,teste
7764,teste
7765,treino
7766,teste
7767,teste
7768,treino
7769,treino
7770,treino
7771,treino
7772,treino
7773,treino
7774,treino
7775,treino
7776,validacao
7777,treino
7778,treino
7779,treino
7780,validacao
7781,treino
7782,treino
7783,treino
7784,treino
7785,treino
7786,treino
7787,treino
7788,treino
7789,treino
7790,validacao
7791,treino
7792,treino
7793,treino
7794,treino
7795,teste
7796,treino
7797,treino
7798,treino
7799,treino
7800,treino
7801,validacao
7802,treino
7803,validacao
7804,treino
7805,validacao
7806,treino
7807,treino
7808,teste
7809,treino
7810,teste
7811,treino
7812,treino
7813,treino
7814,treino
7815,teste
7816,validacao
7817,validacao
7818,validacao
7819,validacao
7820,treino
7821,treino
7822,treino
7823,validacao
7824,treino
7825,treino
7826,treino
7827,teste
7828,validacao
7829,validacao
7830,validacao
7831,validacao
7832,treino
7833,treino
7834,treino
7835,treino
7836,treino
7837,treino
7838,treino
7839,teste
7840,teste
7841,validacao
7842,treino
7843,teste
7844,treino
7845,treino
7846,treino
7847,treino
7848,treino
7849,treino
7850,treino
7851,treino
7852,treino
7853,treino
7854,treino
7855,validacao
7856,teste
7857,teste
7858,teste
7859,treino
7860,validacao
7861,validacao
7862,teste
7863,treino
7864,treino
7865,treino
7866,teste
7867,treino
7868,treino
7869,teste
7870,teste
7871,treino
7872,teste
7873,treino
7874,teste
7875,teste
7876,teste
7877,treino
7878,validacao
7879,validacao
7880,treino
7881,treino
7882,teste
7883,teste
7884,treino
7885,treino
7886,treino
7887,treino
7888,treino
7889,teste
7890,treino
7891,treino
7892,treino
7893,treino
7894,validacao
7895,validacao
7896,teste
7897,teste
7898,treino
7899,treino
7900,treino
7901,treino
7902,treino
7903,treino
7904,validacao
7905,validacao
7906,treino
7907,treino
7908,teste
7909,treino
7910,teste
7911,treino
7912,validacao
7913,treino
7914,teste
7915,validacao
7916,teste
7917,treino
7918,validacao
7919,teste
7920,treino
7921,teste
7922,validacao
7923,treino
7924,treino
7925,treino
7926,teste
7927,teste
7928,teste
7929,treino
7930,treino
7931,treino
7932,validacao
7933,teste
7934,treino
7935,treino
7936,validacao
7937,treino
7938,validacao
7939,treino
7940,treino
7941,treino
7942,treino
7943,validacao
7944,treino
7945,treino
7946,teste
7947,teste
7948,teste
7949,treino
7950,validacao
7951,treino
7952,treino
7953,treino
7954,treino
7955,treino
7956,treino
7957,validacao
7958,validacao
7959,validacao
7960,treino
7961,treino
7962,teste
7963,treino
7964,teste
7965,validacao
7966,validacao
7967,treino
7968,treino
7969,teste
7970,treino
7971,treino
7972,teste
7973,treino
7974,treino
7975,validacao
7976,treino
7977,validacao
7978,treino
7979,validacao
7980,teste
7981,treino
7982,teste
7983,treino
7984,treino
7985,treino
7986,validacao
7987,treino
7988,treino
7989,treino
7990,treino
7991,treino
7992,treino
7993,treino
7994,teste
7995,validacao
7996,validacao
7997,treino
7998,teste
7999,treino
8000,treino
8001,teste
8002,teste
8003,treino
8004,validacao
8005,treino
8006,treino
8007,teste
8008,teste
8009,treino
8010,treino
8011,treino
8012,teste
8013,validacao
8014,treino
8015,teste
8016,teste
8017,treino
8018,treino
8019,treino
8020,teste
8021,validacao
8022,treino
8023,treino
8024,validacao
8025,treino
8026,validacao
8027,treino
8028,validacao
8029,treino
8030,treino
8031,teste
8032,validacao
8033,treino
8034,validacao
8035,treino
8036,treino
8037,teste
8038,teste
8039,treino
8040,teste
8041,treino
8042,teste
8043,treino
8044,treino
8045,treino
8046,teste
8047,treino
8048,treino
8049,treino
8050,treino
8051,validacao
8052,treino
8053,treino
8054,treino
8055,teste
8056,treino
8057,teste
8058,treino
8059,treino
8060,teste
8061,validacao
8062,validacao
8063,treino
8064,treino
8065,treino
8066,treino
8067,validacao
8068,treino
8069,treino
8070,validacao
8071,treino
8072,treino
8073,treino
8074,treino
8075,validacao
8076,treino
8077,validacao
8078,treino
8079,treino
8080,treino
8081,treino
8082,treino
8083,treino
8084,validacao
8085,treino
8086,validacao
8087,treino
8088,treino
8089,treino
8090,teste
8091,treino
8092,teste
8093,treino
8094,validacao
8095,validacao
8096,validacao
8097,treino
8098,teste
8099,validacao
8100,validacao
8101,teste
8102,treino
8103,treino
8104,treino
8105,validacao
8106,teste
8107,treino
8108,treino
8109,treino
8110,treino
8111,validacao
8112,treino
8113,treino
8114,teste
8115,teste
8116,treino
8117,treino
8118,treino
8119,validacao
8120,treino
8121,treino
8122,treino
8123,treino
8124,validacao
8125,treino
8126,validacao
8127,teste
8128,treino
8129,treino
8130,treino
8131,treino
8132,treino
8133,treino
8134,teste
8135,treino
8136,treino
8137,validacao
8138,treino
8139,treino
8140,teste
8141,validacao
8142,validacao
8143,treino
8144,treino
8145,validacao
8146,validacao
8147,treino
8148,teste
8149,teste
8150,treino
8151,teste
8152,treino
8153,treino
8154,teste
8155,treino
8156,treino
8157,treino
8158,treino
8159,treino
8160,treino
8161,validacao
8162,treino
8163,treino
8164,teste
8165,teste
8166,treino
8167,treino
8168,treino
8169,treino
8170,treino
8171,treino
8172,teste
8173,treino
8174,treino
8175,treino
8176,validacao
8177,treino
8178,treino
8179,treino
8180,validacao
8181,validacao
8182,teste
8183,treino
8184,treino
8185,treino
8186,treino
8187,treino
8188,treino
8189,treino
8190,treino
8191,treino
8192,validacao
8193,treino
8194,treino
8195,treino
8196,teste
8197,teste
8198,treino
8199,treino
8200,validacao
8201,treino
8202,teste
8203,treino
8204,validacao
8205,treino
8206,validacao
8207,validacao
8208,teste
8209,treino
8210,treino
8211,validacao
8212,treino
8213,treino
8214,teste
8215,validacao
8216,teste
8217,teste
8218,treino
8219,treino
8220,treino
8221,validacao
8222,treino
8223,treino
8224,treino
8225,validacao
8226,validacao
8227,validacao
8228,teste
8229,validacao
8230,treino
8231,validacao
8232,treino
8233,teste
8234,treino
8235,treino
8236,teste
8237,treino
8238,treino
8239,treino
8240,treino
8241,treino
8242,treino
8243,treino
8244,validacao
8245,treino
8246,treino
8247,treino
8248,treino
8249,treino
8250,treino
8251,treino
8252,validacao
8253,validacao
8254,treino
8255,treino
8256,teste
8257,treino
8258,validacao
8259,treino
8260,validacao
8261,treino
8262,treino
8263,treino
8264,teste
8265,treino
8266,treino
8267,validacao
8268,teste
8269,teste
8270,treino
8271,treino
8272,teste
8273,treino
8274,treino
8275,treino
8276,teste
8277,treino
8278,treino
8279,teste
8280,validacao
8281,validacao
8282,validacao
8283,treino
8284,treino
8285,treino
8286,treino
8287,treino
8288,teste
8289,teste
8290,validacao
8291,treino
8292,validacao
8293,teste
8294,treino
8295,treino
8296,treino
8297,validacao
8298,validacao
8299,treino
8300,treino
8301,treino
8302,treino
8303,teste
8304,treino
8305,teste
8306,validacao
8307,treino
8308,treino
8309,teste
8310,validacao
8311,treino
8312,teste
8313,treino
8314,treino
8315,treino
8316,treino
8317,validacao
8318,treino
8319,validacao
8320,treino
8321,treino
8322,validacao
8323,validacao
8324,teste
8325,treino
8326,teste
8327,teste
8328,treino
8329,treino
8330,validacao
8331,treino
8332,treino
8333,treino
8334,treino
8335,teste
8336,teste
8337,treino
8338,treino
8339,treino
8340,treino
8341,treino
8342,validacao
8343,treino
8344,validacao
8345,treino
8346,treino
8347,treino
8348,treino
8349,treino
8350,treino
8351,treino
8352,treino
8353,teste
8354,validacao
8355,treino
8356,treino
8357,treino
8358,treino
8359,teste
8360,treino
8361,validacao
8362,treino
8363,validacao
8364,teste
8365,treino
8366,treino
8367,teste
8368,treino
8369,validacao
8370,treino
8371,treino
8372,treino
8373,treino
8374,treino
8375,teste
8376,treino
8377,teste
8378,teste
8379,validacao
8380,teste
8381,treino
8382,treino
8383,treino
8384,teste
8385,treino
8386,validacao
8387,validacao
8388,validacao
8389,treino
8390,teste
8391,treino
8392,validacao
8393,treino
8394,treino
8395,treino
8396,treino
8397,treino
8398,treino
8399,teste
8400,treino
8401,treino
8402,treino
8403,validacao
8404,treino
8405,teste
8406,treino
8407,treino
8408,treino
8409,treino
8410,treino
8411,treino
8412,treino
8413,treino
8414,treino
8415,teste
8416,treino
8417,teste
8418,treino
8419,treino
8420,treino
8421,validacao
8422,treino
8423,treino
8424,teste
8425,teste
8426,validacao
8427,treino
8428,teste
8429,teste
8430,treino
8431,treino
8432,treino
8433,treino
8434,treino
8435,treino
8436,teste
8437,validacao
8438,treino
8439,validacao
8440,treino
8441,validacao
8442,treino
8443,treino
8444,teste
8445,treino
8446,treino
8447,validacao
8448,treino
8449,validacao
8450,validacao
8451,treino
8452,teste
8453,teste
8454,treino
8455,treino
8456,treino
8457,treino
8458,treino
8459,treino
8460,validacao
8461,teste
8462,treino
8463,treino
8464,teste
8465,treino
8466,validacao
8467,teste
8468,teste
8469,validacao
8470,validacao
8471,teste
8472,validacao
8473,treino
8474,validacao
8475,treino
8476,teste
8477,treino
8478,treino
8479,treino
8480,validacao
8481,treino
8482,teste
8483,teste
8484,teste
8485,teste
8486,treino
8487,treino
8488,treino
8489,treino
8490,treino
8491,treino
8492,validacao
8493,validacao
8494,validacao
8495,teste
8496,treino
8497,treino
8498,treino
8499,treino
8500,treino
8501,teste
8502,treino
8503,validacao
8504,treino
8505,treino
8506,treino
8507,treino
8508,treino
8509,treino
8510,treino
8511,validacao
8512,treino
8513,teste
8514,validacao
8515,treino
8516,treino
8517,treino
8518,treino
8519,treino
8520,teste
8521,teste
8522,treino
8523,validacao
8524,treino
8525,treino
8526,treino
8527,treino
8528,treino
8529,treino
8530,treino
8531,treino
8532,treino
8533,treino
8534,treino
8535,treino
8536,teste
8537,validacao
8538,treino
8539,teste
8540,treino
8541,validacao
8542,validacao
8543,treino
8544,treino
8545,teste
8546,treino
8547,treino
8548,treino
8549,treino
8550,validacao
8551,teste
8552,treino
8553,treino
8554,treino
8555,treino
8556,treino
8557,teste
8558,treino
8559,treino
8560,validacao
8561,validacao
8562,teste
8563,teste
8564,validacao
8565,treino
8566,teste
8567,validacao
8568,treino
8569,teste
8570,treino
8571,treino
8572,validacao
8573,treino
8574,teste
8575,validacao
8576,treino
8577,validacao
8578,treino
8579,treino
8580,teste
8581,treino
8582,treino
8583,treino
8584,treino
8585,treino
8586,treino
8587,treino
8588,validacao
8589,teste
8590,treino
8591,treino
8592,validacao
8593,treino
8594,validacao
8595,treino
8596,treino
8597,treino
8598,teste
8599,treino
8600,treino
8601,treino
8602,treino
8603,validacao
8604,treino
8605,teste
8606,validacao
8607,treino
8608,treino
8609,treino
8610,treino
8611,treino
8612,validacao
8613,treino
8614,treino
8615,teste
8616,treino
8617,treino
8618,treino
8619,treino
8620,treino
8621,treino
8622,teste
8623,validacao
8624,teste
8625,validacao
8626,treino
8627,treino
8628,teste
8629,treino
8630,validacao
8631,treino
8632,treino
8633,treino
8634,teste
8635,validacao
8636,validacao
8637,treino
8638,teste
8639,validacao
8640,treino
8641,teste
8642,validacao
8643,teste
8644,treino
8645,validacao
8646,treino
8647,treino
8648,validacao
8649,validacao
8650,teste
8651,treino
8652,teste
8653,treino
8654,treino
8655,teste
8656,treino
8657,treino
8658,treino
8659,treino
8660,treino
8661,validacao
8662,treino
8663,teste
8664,treino
8665,treino
8666,treino
8667,validacao
8668,teste
8669,treino
8670,teste
8671,treino
8672,validacao
8673,treino
8674,validacao
8675,treino
8676,treino
8677,treino
8678,treino
8679,teste
8680,validacao
8681,validacao
8682,treino
8683,treino
8684,validacao
8685,treino
8686,treino
8687,treino
8688,treino
8689,treino
8690,teste
8691,treino
8692,validacao
8693,treino
8694,treino
8695,treino
8696,treino
8697,validacao
8698,teste
8699,teste
8700,treino
8701,validacao
8702,validacao
8703,validacao
8704,treino
8705,treino
8706,validacao
8707,teste
8708,treino
8709,teste
8710,validacao
8711,treino
8712,validacao
8713,teste
8714,treino
8715,treino
8716,treino
8717,validacao
8718,teste
8719,validacao
8720,treino
8721,teste
8722,teste
8723,treino
8724,treino
8725,treino
8726,teste
8727,validacao
8728,teste
8729,treino
8730,treino
8731,teste
8732,treino
8733,teste
8734,treino
8735,treino
8736,validacao
8737,teste
8738,treino
8739,treino
8740,treino
8741,treino
8742,treino
8743,teste
8744,treino
8745,treino
8746,treino
8747,teste
8748,treino
8749,validacao
8750,teste
8751,treino
8752,teste
8753,treino
8754,validacao
8755,teste
8756,treino
8757,treino
8758,teste
8759,treino
8760,treino
8761,treino
8762,treino
8763,validacao
8764,teste
8765,teste
8766,validacao
8767,validacao
8768,teste
8769,teste
8770,treino
8771,teste
8772,treino
8773,treino
8774,teste
8775,validacao
8776,treino
8777,treino
8778,validacao
8779,teste
8780,treino
8781,treino
8782,treino
8783,treino
8784,teste
8785,teste
8786,treino
8787,teste
8788,treino
8789,validacao
8790,validacao
8791,teste
8792,treino
8793,treino
8794,treino
8795,treino
8796,treino
8797,teste
8798,treino
8799,treino
8800,treino
8801,validacao
8802,treino
8803,treino
8804,validacao
8805,treino
8806,treino
8807,treino
8808,treino
8809,teste
8810,validacao
8811,teste
8812,validacao
8813,treino
8814,treino
8815,treino
8816,treino
8817,treino
8818,validacao
8819,treino
8820,treino
8821,treino
8822,teste
8823,validacao
8824,treino
8825,treino
8826,treino
8827,teste
8828,treino
8829,validacao
8830,treino
8831,validacao
8832,teste
8833,treino
8834,validacao
8835,treino
8836,treino
8837,teste
8838,treino
8839,treino
8840,treino
8841,treino
8842,treino
8843,treino
8844,treino
8845,validacao
8846,teste
8847,treino
8848,treino
8849,teste
8850,teste
8851,treino
8852,treino
8853,validacao
8854,treino
8855,treino
8856,validacao
8857,treino
8858,teste
8859,treino
8860,treino
8861,treino
8862,treino
8863,validacao
8864,treino
8865,treino
8866,validacao
8867,treino
8868,teste
8869,treino
8870,treino
8871,treino
8872,teste
8873,validacao
8874,teste
8875,treino
8876,teste
8877,treino
8878,validacao
8879,validacao
8880,teste
8881,teste
8882,validacao
8883,treino
8884,teste
8885,treino
8886,treino
8887,treino
8888,validacao
8889,teste
8890,teste
8891,teste
8892,treino
8893,treino
8894,validacao
8895,treino
8896,treino
8897,treino
8898,teste
8899,validacao
8900,validacao
8901,teste
8902,validacao
8903,treino
8904,treino
8905,treino
8906,teste
8907,validacao
8908,treino
8909,teste
8910,validacao
8911,treino
8912,validacao
8913,treino
8914,validacao
8915,treino
8916,validacao
8917,validacao
8918,treino
8919,treino
8920,treino
8921,teste
8922,treino
8923,validacao
8924,treino
8925,treino
8926,validacao
8927,treino
8928,treino
8929,treino
8930,treino
8931,teste
8932,treino
8933,treino
8934,validacao
8935,teste
8936,validacao
8937,validacao
8938,teste
8939,teste
8940,treino
8941,treino
8942,treino
8943,treino
8944,treino
8945,treino
8946,treino
8947,treino
8948,treino
8949,validacao
8950,validacao
8951,treino
8952,validacao
8953,validacao
8954,treino
8955,treino
8956,treino
8957,treino
8958,teste
8959,treino
8960,validacao
8961,treino
8962,validacao
8963,treino
8964,validacao
8965,treino
8966,validacao
8967,treino
8968,treino
8969,treino
8970,teste
8971,treino
8972,treino
8973,treino
8974,treino
8975,validacao
8976,treino
8977,treino
8978,treino
8979,teste
8980,validacao
8981,validacao
8982,teste
8983,validacao
8984,teste
8985,validacao
8986,treino
8987,treino
8988,treino
8989,treino
8990,teste
8991,teste
8992,treino
8993,teste
8994,treino
8995,validacao
8996,teste
8997,treino
8998,treino
8999,treino
9000,treino
9001,treino
9002,treino
9003,treino
9004,treino
9005,teste
9006,teste
9007,treino
9008,treino
9009,treino
9010,teste
9011,treino
9012,teste
9013,treino
9014,treino
9015,validacao
9016,teste
9017,validacao
9018,treino
9019,treino
9020,treino
9021,treino
9022,treino
9023,validacao
9024,treino
9025,teste
9026,treino
9027,validacao
9028,treino
9029,validacao
9030,validacao
9031,treino
9032,treino
9033,teste
9034,treino
9035,treino
9036,treino
9037,validacao
9038,treino
9039,treino
9040,validacao
9041,treino
9042,treino
9043,treino
9044,validacao
9045,teste
9046,treino
9047,teste
9048,validacao
9049,treino
9050,treino
9051,teste
9052,treino
9053,teste
9054,teste
9055,teste
9056,treino
9057,teste
9058,teste
9059,validacao
9060,teste
9061,treino
9062,treino
9063,teste
9064,treino
9065,validacao
9066,treino
9067,treino
9068,treino
9069,treino
9070,treino
9071,validacao
9072,teste
9073,teste
9074,treino
9075,teste
9076,teste
9077,teste
9078,treino
9079,treino
9080,treino
9081,teste
9082,teste
9083,treino
9084,treino
9085,validacao
9086,treino
9087,validacao
9088,treino
9089,treino
9090,treino
9091,teste
9092,validacao
9093,treino
9094,treino
9095,treino
9096,treino
9097,treino
9098,validacao
9099,treino
9100,treino
9101,validacao
9102,treino
9103,treino
9104,teste
9105,treino
9106,treino
9107,treino
9108,teste
9109,teste
9110,validacao
9111,treino
9112,validacao
9113,teste
9114,teste
9115,treino
9116,teste
9117,treino
9118,treino
9119,validacao
9120,treino
9121,teste
9122,teste
9123,validacao
9124,teste
9125,treino
9126,teste
9127,treino
9128,treino
9129,teste
9130,treino
9131,treino
9132,treino
9133,teste
9134,teste
9135,treino
9136,treino
9137,treino
9138,teste
9139,treino
9140,treino
9141,validacao
9142,treino
9143,treino
9144,treino
9145,treino
9146,treino
9147,treino
9148,validacao
9149,treino
9150,treino
9151,teste
9152,treino
9153,validacao
9154,teste
9155,treino
9156,treino
9157,treino
9158,validacao
9159,treino
9160,validacao
9161,treino
9162,validacao
9163,teste
9164,treino
9165,treino
9166,teste
9167,validacao
9168,validacao
9169,treino
9170,treino
9171,treino
9172,validacao
9173,treino
9174,treino
9175,validacao
9176,treino
9177,treino
9178,teste
9179,treino
9180,treino
9181,teste
9182,treino
9183,treino
9184,validacao
9185,treino
9186,teste
9187,treino
9188,treino
9189,treino
9190,treino
9191,validacao
9192,treino
9193,validacao
9194,teste
9195,treino
9196,treino
9197,treino
9198,treino
9199,teste
9200,treino
9201,treino
9202,teste
9203,treino
9204,treino
9205,validacao
9206,treino
9207,treino
9208,validacao
9209,treino
9210,teste
9211,treino
9212,teste
9213,treino
9214,validacao
9215,validacao
9216,validacao
9217,teste
9218,treino
9219,treino
9220,teste
9221,validacao
9222,validacao
9223,validacao
9224,teste
9225,teste
9226,validacao
9227,treino
9228,treino
9229,treino
9230,teste
9231,treino
9232,validacao
9233,validacao
9234,treino
9235,validacao
9236,teste
9237,treino
9238,teste
9239,teste
9240,treino
9241,treino
9242,validacao
9243,treino
9244,teste
9245,validacao
9246,treino
9247,teste
9248,treino
9249,validacao
9250,treino
9251,teste
9252,treino
9253,teste
9254,treino
9255,treino
9256,treino
9257,treino
9258,treino
9259,treino
9260,treino
9261,treino
9262,treino
9263,treino
9264,treino
9265,treino
9266,treino
9267,teste
9268,validacao
9269,treino
9270,teste
9271,teste
9272,validacao
9273,treino
9274,treino
9275,treino
9276,teste
9277,validacao
9278,treino
9279,treino
9280,validacao
9281,validacao
9282,treino
9283,treino
9284,treino
9285,treino
9286,treino
9287,treino
9288,treino
9289,treino
9290,treino
9291,validacao
9292,teste
9293,treino
9294,validacao
9295,teste
9296,treino
9297,treino
9298,teste
9299,treino
9300,treino
9301,treino
9302,treino
9303,validacao
9304,treino
9305,treino
9306,validacao
9307,validacao
9308,treino
9309,validacao
9310,treino
9311,validacao
9312,teste
9313,validacao
9314,treino
9315,teste
9316,treino
9317,validacao
9318,treino
9319,treino
9320,teste
9321,validacao
9322,treino
9323,treino
9324,treino
9325,treino
9326,validacao
9327,treino
9328,validacao
9329,treino
9330,treino
9331,treino
9332,teste
9333,teste
9334,validacao
9335,treino
9336,treino
9337,treino
9338,teste
9339,treino
9340,treino
9341,treino
9342,treino
9343,teste
9344,treino
9345,validacao
9346,treino
9347,treino
9348,treino
9349,treino
9350,validacao
9351,treino
9352,treino
9353,teste
9354,validacao
9355,teste
9356,treino
9357,treino
9358,treino
9359,teste
9360,treino
9361,treino
9362,treino
9363,teste
9364,treino
9365,treino
9366,treino
9367,treino
9368,treino
9369,validacao
9370,treino
9371,teste
9372,treino
9373,treino
9374,treino
9375,validacao
9376,treino
9377,validacao
9378,treino
9379,treino
9380,treino
9381,treino
9382,teste
9383,validacao
9384,teste
9385,treino
9386,teste
9387,treino
9388,validacao
9389,treino
9390,validacao
9391,treino
9392,teste
9393,validacao
9394,treino
9395,teste
9396,validacao
9397,treino
9398,treino
9399,validacao
9400,teste
9401,treino
9402,teste
9403,treino
9404,treino
9405,treino
9406,teste
9407,teste
9408,treino
9409,treino
9410,teste
9411,validacao
9412,treino
9413,treino
9414,treino
9415,teste
9416,teste
9417,teste
9418,teste
9419,validacao
9420,treino
9421,teste
9422,validacao
9423,teste
9424,treino
9425,teste
9426,validacao
9427,teste
9428,teste
9429,validacao
9430,treino
9431,treino
9432,treino
9433,treino
9434,treino
9435,treino
9436,validacao
9437,treino
9438,teste
9439,teste
9440,treino
9441,treino
9442,validacao
9443,treino
9444,treino
9445,teste
9446,treino
9447,teste
9448,teste
9449,validacao
9450,treino
9451,treino
9452,treino
9453,teste
9454,treino
9455,teste
9456,treino
9457,treino
9458,validacao
9459,teste
9460,treino
9461,teste
9462,treino
9463,teste
9464,treino
9465,treino
9466,treino
9467,teste
9468,treino
9469,treino
9470,treino
9471,treino
9472,teste
9473,treino
9474,treino
9475,treino
9476,treino
9477,teste
9478,treino
9479,treino
9480,treino
9481,teste
9482,treino
9483,validacao
9484,teste
9485,teste
9486,treino
9487,treino
9488,teste
9489,treino
9490,teste
9491,treino
9492,validacao
9493,validacao
9494,treino
9495,treino
9496,treino
9497,treino
9498,validacao
9499,treino
9500,treino
9501,validacao
9502,treino
9503,treino
9504,teste
9505,validacao
9506,treino
9507,validacao
9508,treino
9509,teste
9510,treino
9511,treino
9512,treino
9513,validacao
9514,treino
9515,treino
9516,treino
9517,treino
9518,treino
9519,teste
9520,treino
9521,treino
9522,validacao
9523,treino
9524,treino
9525,validacao
9526,validacao
9527,treino
9528,treino
9529,treino
9530,treino
9531,validacao
9532,treino
9533,validacao
9534,treino
9535,teste
9536,treino
9537,treino
9538,validacao
9539,validacao
9540,validacao
9541,teste
9542,treino
9543,treino
9544,validacao
9545,teste
9546,validacao
9547,teste
9548,validacao
9549,treino
9550,treino
9551,teste
9552,treino
9553,teste
9554,teste
9555,validacao
9556,validacao
9557,treino
9558,treino
9559,treino
9560,treino
9561,treino
9562,treino
9563,treino
9564,treino
9565,treino
9566,validacao
9567,treino
9568,validacao
9569,treino
9570,treino
9571,validacao
9572,teste
9573,treino
9574,treino
9575,treino
9576,treino
9577,teste
9578,treino
9579,treino
9580,teste
9581,validacao
9582,teste
9583,treino
9584,treino
9585,treino
9586,treino
9587,teste
9588,treino
9589,treino
9590,teste
9591,treino
9592,treino
9593,treino
9594,validacao
9595,treino
9596,treino
9597,treino
9598,treino
9599,treino
9600,teste
9601,treino
9602,treino
9603,treino
9604,treino
9605,teste
9606,validacao
9607,treino
9608,treino
9609,treino
9610,treino
9611,validacao
9612,treino
9613,treino
9614,teste
9615,teste
9616,treino
9617,treino
9618,treino
9619,treino
9620,treino
9621,teste
9622,validacao
9623,validacao
9624,treino
9625,treino
9626,teste
9627,treino
9628,treino
9629,treino
9630,treino
9631,teste
9632,treino
9633,teste
9634,treino
9635,treino
9636,treino
9637,treino
9638,treino
9639,validacao
9640,treino
9641,teste
9642,validacao
9643,treino
9644,teste
9645,teste
9646,treino
9647,treino
9648,teste
9649,teste
9650,treino
9651,treino
9652,treino
9653,validacao
9654,treino
9655,treino
9656,treino
9657,teste
9658,treino
9659,validacao
9660,validacao
9661,teste
9662,treino
9663,treino
9664,teste
9665,treino
9666,teste
9667,treino
9668,teste
9669,treino
9670,validacao
9671,treino
9672,teste
9673,treino
9674,validacao
9675,treino
9676,treino
9677,treino
9678,treino
9679,treino
9680,validacao
9681,treino
9682,treino
9683,treino
9684,teste
9685,treino
9686,teste
9687,validacao
9688,treino
9689,treino
9690,validacao
9691,teste
9692,validacao
9693,treino
9694,treino
9695,teste
9696,treino
9697,treino
9698,treino
9699,teste
9700,treino
9701,validacao
9702,treino
9703,treino
9704,treino
9705,teste
9706,treino
9707,validacao
9708,treino
9709,treino
9710,treino
9711,treino
9712,validacao
9713,treino
9714,treino
9715,validacao
9716,treino
9717,teste
9718,teste
9719,treino
9720,treino
9721,treino
9722,treino
9723,teste
9724,treino
9725,teste
9726,treino
9727,treino
9728,treino
9729,treino
9730,treino
9731,treino
9732,teste
9733,treino
9734,validacao
9735,treino
9736,treino
9737,treino
9738,teste
9739,treino
9740,validacao
9741,treino
9742,teste
9743,treino
9744,validacao
9745,treino
9746,treino
9747,teste
9748,validacao
9749,teste
9750,treino
9751,validacao
9752,validacao
9753,treino
9754,validacao
9755,treino
9756,treino
9757,treino
9758,treino
9759,treino
9760,treino
9761,treino
9762,teste
9763,treino
9764,treino
9765,treino
9766,treino
9767,teste
9768,treino
9769,treino
9770,treino
9771,validacao
9772,validacao
9773,treino
9774,treino
9775,validacao
9776,teste
9777,treino
9778,validacao
9779,treino
9780,treino
9781,teste
9782,treino
9783,teste
9784,treino
9785,teste
9786,treino
9787,teste
9788,treino
9789,treino
9790,teste
9791,treino
9792,treino
9793,treino
9794,treino
9795,treino
9796,treino
9797,treino
9798,validacao
9799,validacao
9800,treino
9801,validacao
9802,teste
9803,treino
9804,treino
9805,validacao
9806,validacao
9807,treino
9808,validacao
9809,teste
9810,validacao
9811,treino
9812,treino
9813,treino
9814,teste
9815,treino
9816,treino
9817,teste
9818,treino
9819,validacao
9820,validacao
9821,treino
9822,treino
9823,treino
9824,treino
9825,validacao
9826,treino
9827,treino
9828,treino
9829,treino
9830,treino
9831,teste
9832,treino
9833,treino
9834,teste
9835,treino
9836,treino
9837,treino
9838,treino
9839,teste
9840,treino
9841,treino
9842,validacao
9843,validacao
9844,treino
9845,teste
9846,treino
9847,validacao
9848,teste
9849,validacao
9850,treino
9851,teste
9852,treino
9853,validacao
9854,teste
9855,treino
9856,teste
9857,treino
9858,validacao
9859,treino
9860,treino
9861,teste
9862,teste
9863,treino
9864,treino
9865,treino
9866,treino
9867,treino
9868,treino
9869,treino
9870,teste
9871,teste
9872,treino
9873,teste
9874,treino
9875,treino
9876,validacao
9877,teste
9878,treino
9879,teste
9880,treino
9881,treino
9882,teste
9883,treino
9884,teste
9885,treino
9886,validacao
9887,treino
9888,validacao
9889,treino
9890,validacao
9891,treino
9892,treino
9893,treino
9894,treino
9895,validacao
9896,validacao
9897,teste
9898,treino
9899,treino
9900,treino
9901,validacao
9902,treino
9903,teste
9904,teste
9905,validacao
9906,validacao
9907,treino
9908,treino
9909,teste
9910,teste
9911,treino
9912,validacao
9913,treino
9914,treino
9915,treino
9916,teste
9917,treino
9918,treino
9919,treino
9920,validacao
9921,treino
9922,treino
9923,treino
9924,teste
9925,validacao
9926,validacao
9927,teste
9928,treino
9929,treino
9930,treino
9931,teste
9932,treino
9933,teste
9934,validacao
9935,validacao
9936,teste
9937,validacao
9938,treino
9939,treino
9940,treino
9941,treino
9942,treino
9943,teste
9944,validacao
9945,treino
9946,treino
9947,teste
9948,validacao
9949,validacao
9950,treino
9951,treino
9952,treino
9953,treino
9954,treino
9955,treino
9956,teste
9957,validacao
9958,validacao
9959,treino
9960,treino
9961,treino
9962,teste
9963,treino
9964,treino
9965,treino
9966,treino
9967,treino
9968,treino
9969,teste
9970,treino
9971,treino
9972,treino
9973,treino
9974,treino
9975,validacao
9976,validacao
9977,teste
9978,treino
9979,treino
9980,validacao
9981,validacao
9982,teste
9983,treino
9984,treino
9985,treino
9986,treino
9987,treino
9988,validacao
9989,treino
9990,validacao
9991,treino
9992,validacao
9993,teste
9994,validacao
9995,validacao
9996,validacao
9997,treino
9998,teste
9999,treino
10000,validacao
10001,teste
10002,treino
10003,treino
10004,treino
10005,teste
10006,validacao
10007,treino
10008,teste
10009,treino
10010,treino
10011,validacao
10012,treino
10013,treino
10014,validacao
10015,teste
10016,treino
10017,teste
10018,treino
10019,treino
10020,treino
10021,treino
10022,treino
10023,teste
10024,treino
10025,validacao
10026,treino
10027,teste
10028,treino
10029,treino
10030,validacao
10031,treino
10032,treino
10033,treino
10034,validacao
10035,validacao
10036,teste
10037,teste
10038,treino
10039,treino
10040,teste
10041,treino
10042,treino
10043,treino
10044,treino
10045,validacao
10046,treino
10047,validacao
10048,validacao
10049,treino
10050,treino
10051,treino
10052,validacao
10053,teste
10054,treino
10055,treino
10056,treino
10057,treino
10058,validacao
10059,treino
10060,validacao
10061,validacao
10062,validacao
10063,treino
10064,treino
10065,treino
10066,treino
10067,treino
10068,treino
10069,validacao
10070,treino
10071,treino
10072,validacao
10073,treino
10074,treino
10075,treino
10076,treino
10077,treino
10078,teste
10079,teste
10080,treino
10081,treino
10082,teste
10083,treino
10084,validacao
10085,treino
10086,validacao
10087,treino
10088,teste
10089,validacao
10090,treino
10091,treino
10092,treino
10093,treino
10094,teste
10095,teste
10096,treino
10097,treino
10098,treino
10099,teste
10100,treino
10101,treino
10102,validacao
10103,teste
10104,treino
10105,teste
10106,treino
10107,treino
10108,teste
10109,treino
10110,validacao
10111,validacao
10112,treino
10113,validacao
10114,treino
10115,treino
10116,treino
10117,teste
10118,treino
10119,treino
10120,treino
10121,validacao
10122,validacao
10123,treino
10124,treino
10125,treino
10126,treino
10127,teste
10128,validacao
10129,teste
10130,treino
10131,validacao
10132,treino
10133,treino
10134,treino
10135,treino
10136,treino
10137,teste
10138,validacao
10139,treino
10140,validacao
10141,treino
10142,teste
10143,teste
10144,treino
10145,teste
10146,teste
10147,treino
10148,validacao
10149,treino
10150,validacao
10151,validacao
10152,treino
10153,treino
10154,treino
10155,validacao
10156,treino
10157,treino
10158,teste
10159,treino
10160,teste
10161,validacao
10162,validacao
10163,validacao
10164,teste
10165,treino
10166,teste
10167,teste
10168,treino
10169,treino
10170,treino
10171,treino
10172,teste
10173,teste
10174,validacao
10175,teste
10176,treino
10177,treino
10178,treino
10179,treino
10180,treino
10181,treino
10182,validacao
10183,treino
10184,treino
10185,treino
10186,validacao
10187,teste
10188,validacao
10189,treino
10190,treino
10191,treino
10192,treino
10193,treino
10194,validacao
10195,treino
10196,treino
10197,treino
10198,treino
10199,treino
10200,validacao
10201,validacao
10202,teste
10203,treino
10204,treino
10205,treino
10206,treino
10207,validacao
10208,treino
10209,treino
10210,treino
10211,treino
10212,treino
10213,treino
10214,treino
10215,treino
10216,treino
10217,treino
10218,treino
10219,treino
10220,teste
10221,teste
10222,treino
10223,validacao
10224,treino
10225,teste
10226,treino
10227,treino
10228,treino
10229,validacao
10230,treino
10231,teste
10232,treino
10233,treino
10234,treino
10235,treino
10236,teste
10237,treino
10238,treino
10239,treino
10240,validacao
10241,validacao
10242,treino
10243,treino
10244,validacao
10245,validacao
10246,treino
10247,validacao
10248,teste
10249,treino
10250,validacao
10251,treino
10252,treino
10253,treino
10254,treino
10255,teste
10256,teste
10257,validacao
10258,validacao
10259,validacao
10260,teste
10261,treino
10262,teste
10263,validacao
10264,validacao
10265,treino
10266,treino
10267,treino
10268,treino
10269,validacao
10270,teste
10271,treino
10272,treino
10273,treino
10274,teste
10275,validacao
10276,treino
10277,teste
10278,teste
10279,teste
10280,treino
10281,treino
10282,treino
10283,validacao
10284,treino
10285,treino
10286,treino
10287,treino
10288,teste
10289,treino
10290,teste
10291,validacao
10292,validacao
10293,treino
10294,treino
10295,treino
10296,treino
10297,teste
10298,teste
10299,treino
10300,treino
10301,treino
10302,treino
10303,treino
10304,treino
10305,treino
10306,treino
10307,validacao
10308,treino
10309,teste
10310,validacao
10311,validacao
10312,teste
10313,teste
10314,validacao
10315,teste
10316,validacao
10317,treino
10318,treino
10319,teste
10320,treino
10321,treino
10322,treino
10323,treino
10324,teste
10325,treino
10326,treino
10327,teste
10328,treino
10329,treino
10330,validacao
10331,treino
10332,treino
10333,treino
10334,validacao
10335,validacao
10336,validacao
10337,treino
10338,treino
10339,validacao
10340,treino
10341,validacao
10342,validacao
10343,treino
10344,treino
10345,teste
10346,validacao
10347,teste
10348,treino
10349,teste
10350,teste
10351,teste
10352,treino
10353,validacao
10354,validacao
10355,treino
10356,treino
10357,teste
10358,validacao
10359,validacao
10360,teste
10361,teste
10362,teste
10363,treino
10364,validacao
10365,teste
10366,treino
10367,treino
10368,teste
10369,treino
10370,treino
10371,teste
10372,treino
10373,treino
10374,treino
10375,treino
10376,treino
10377,validacao
10378,treino
10379,treino
10380,treino
10381,treino
10382,treino
10383,teste
10384,treino
10385,treino
10386,validacao
10387,teste
10388,teste
10389,treino
10390,teste
10391,treino
10392,treino
10393,treino
10394,treino
10395,treino
10396,teste
10397,validacao
10398,treino
10399,teste
10400,treino
10401,validacao
10402,treino
10403,validacao
10404,teste
10405,treino
10406,validacao
10407,validacao
10408,treino
10409,treino
10410,treino
10411,treino
10412,teste
10413,treino
10414,validacao
10415,teste
10416,treino
10417,teste
10418,validacao
10419,validacao
10420,teste
10421,treino
10422,treino
10423,treino
10424,validacao
10425,teste
10426,teste
10427,teste
10428,treino
10429,treino
10430,teste
10431,validacao
10432,treino
10433,validacao
10434,treino
10435,teste
10436,teste
10437,treino
10438,validacao
10439,treino
10440,treino
10441,treino
10442,treino
10443,validacao
10444,treino
10445,validacao
10446,treino
10447,treino
10448,teste
10449,treino
10450,treino
10451,treino
10452,treino
10453,treino
10454,validacao
10455,teste
10456,treino
10457,teste
10458,treino
10459,treino
10460,validacao
10461,validacao
10462,teste
10463,treino
10464,teste
10465,treino
10466,validacao
10467,treino
10468,validacao
10469,validacao
10470,treino
10471,treino
10472,treino
10473,treino
10474,treino
10475,treino
10476,treino
10477,treino
10478,treino
10479,validacao
10480,treino
10481,treino
10482,treino
10483,treino
10484,teste
10485,treino
10486,treino
10487,treino
10488,treino
10489,validacao
10490,treino
10491,treino
10492,treino
10493,teste
10494,treino
10495,teste
10496,teste
10497,treino
10498,treino
10499,treino
10500,treino
10501,validacao
10502,validacao
10503,validacao
10504,treino
10505,validacao
10506,treino
10507,treino
10508,validacao
10509,validacao
10510,treino
10511,teste
10512,treino
10513,treino
10514,validacao
10515,validacao
10516,treino
10517,treino
10518,treino
10519,treino
10520,treino
10521,treino
10522,treino
10523,treino
10524,validacao
10525,treino
10526,treino
10527,treino
10528,treino
10529,treino
10530,validacao
10531,treino
10532,treino
10533,treino
10534,teste
10535,validacao
10536,validacao
10537,teste
10538,treino
10539,treino
10540,treino
10541,treino
10542,validacao
10543,validacao
10544,treino
10545,validacao
10546,treino
10547,treino
10548,validacao
10549,teste
10550,teste
10551,treino
10552,treino
10553,treino
10554,treino
10555,teste
10556,treino
10557,treino
10558,validacao
10559,teste
10560,validacao
10561,treino
10562,teste
10563,treino
10564,treino
10565,treino
10566,validacao
10567,validacao
10568,treino
10569,treino
10570,treino
10571,treino
10572,treino
10573,teste
10574,validacao
10575,teste
10576,teste
10577,treino
10578,treino
10579,validacao
10580,teste
10581,validacao
10582,treino
10583,treino
10584,treino
10585,treino
10586,validacao
10587,treino
10588,treino
10589,treino
10590,validacao
10591,treino
10592,treino
10593,treino
10594,treino
10595,treino
10596,treino
10597,treino
10598,treino
10599,treino
10600,treino
10601,treino
10602,treino
10603,teste
10604,teste
10605,teste
10606,teste
10607,teste
10608,treino
10609,teste
10610,validacao
10611,treino
10612,treino
10613,validacao
10614,treino
10615,treino
10616,validacao
10617,treino
10618,treino
10619,validacao
10620,validacao
10621,treino
10622,treino
10623,treino
10624,treino
10625,teste
10626,treino
10627,treino
10628,treino
10629,treino
10630,teste
10631,teste
10632,teste
10633,validacao
10634,validacao
10635,treino
10636,teste
10637,treino
10638,treino
10639,treino
10640,treino
10641,treino
10642,treino
10643,validacao
10644,treino
10645,validacao
10646,treino
10647,treino
10648,validacao
10649,teste
10650,treino
10651,treino
10652,treino
10653,teste
10654,treino
10655,treino
10656,treino
10657,teste
10658,validacao
10659,validacao
10660,teste
10661,treino
10662,treino
10663,validacao
10664,treino
10665,treino
10666,treino
10667,treino
10668,validacao
10669,teste
10670,treino
10671,validacao
10672,treino
10673,teste
10674,teste
10675,treino
10676,treino
10677,teste
10678,treino
10679,teste
10680,validacao
10681,treino
10682,validacao
10683,treino
10684,treino
10685,teste
10686,treino
10687,treino
10688,treino
10689,validacao
10690,treino
10691,treino
10692,treino
10693,teste
10694,treino
10695,teste
10696,treino
10697,teste
10698,validacao
10699,validacao
10700,validacao
10701,treino
10702,teste
10703,treino
10704,teste
10705,teste
10706,validacao
10707,validacao
10708,treino
10709,validacao
10710,teste
10711,teste
10712,teste
10713,treino
10714,validacao
10715,validacao
10716,treino
10717,treino
10718,validacao
10719,validacao
10720,treino
10721,validacao
10722,treino
10723,validacao
10724,teste
10725,treino
10726,teste
10727,validacao
10728,teste
10729,treino
10730,validacao
10731,treino
10732,teste
10733,validacao
10734,treino
10735,treino
10736,treino
10737,validacao
10738,treino
10739,treino
10740,treino
10741,validacao
10742,teste
10743,teste
10744,treino
10745,treino
10746,treino
10747,treino
10748,treino
10749,treino
10750,treino
10751,treino
10752,validacao
10753,treino
10754,treino
10755,validacao
10756,treino
10757,teste
10758,treino
10759,validacao
10760,treino
10761,treino
10762,treino
10763,validacao
10764,validacao
10765,validacao
10766,treino
10767,teste
10768,treino
10769,treino
10770,validacao
10771,treino
10772,validacao
10773,treino
10774,treino
10775,treino
10776,treino
10777,treino
10778,treino
10779,treino
10780,treino
10781,treino
10782,validacao
10783,treino
10784,validacao
10785,teste
10786,teste
10787,treino
10788,treino
10789,treino
10790,treino
10791,treino
10792,teste
10793,treino
10794,treino
10795,treino
10796,validacao
10797,treino
10798,teste
10799,validacao
10800,treino
10801,treino
10802,validacao
10803,treino
10804,teste
10805,treino
10806,treino
10807,treino
10808,treino
10809,validacao
10810,treino
10811,validacao
10812,treino
10813,validacao
10814,treino
10815,treino
10816,treino
10817,treino
10818,treino
10819,treino
10820,teste
10821,treino
10822,treino
10823,validacao
10824,treino
10825,treino
10826,treino
10827,treino
10828,teste
10829,validacao
10830,treino
10831,treino
10832,treino
10833,validacao
10834,treino
10835,teste
10836,teste
10837,treino
10838,validacao
10839,treino
10840,teste
10841,teste
10842,treino
10843,teste
10844,treino
10845,treino
10846,validacao
10847,treino
10848,treino
10849,validacao
10850,validacao
10851,validacao
10852,treino
10853,teste
10854,validacao
10855,treino
10856,validacao
10857,treino
10858,treino
10859,treino
10860,treino
10861,teste
10862,teste
10863,treino
10864,treino
10865,teste
10866,teste
10867,treino
10868,treino
10869,validacao
10870,treino
10871,treino
10872,validacao
10873,treino
10874,teste
10875,treino
10876,teste
10877,validacao
10878,validacao
10879,treino
10880,treino
10881,treino
10882,treino
10883,treino
10884,teste
10885,treino
10886,teste
10887,treino
10888,treino
10889,teste
10890,teste
10891,treino
10892,treino
10893,treino
10894,treino
10895,validacao
10896,validacao
10897,validacao
10898,treino
10899,treino
10900,treino
10901,treino
10902,treino
10903,treino
10904,treino
10905,treino
10906,treino
10907,teste
10908,treino
10909,validacao
10910,teste
10911,validacao
10912,treino
10913,validacao
10914,treino
10915,validacao
10916,treino
10917,treino
10918,validacao
10919,treino
10920,treino
10921,treino
10922,validacao
10923,treino
10924,treino
10925,teste
10926,treino
10927,treino
10928,treino
10929,validacao
10930,teste
10931,treino
10932,treino
10933,validacao
10934,treino
10935,validacao
10936,teste
10937,treino
10938,treino
10939,validacao
10940,treino
10941,treino
10942,treino
10943,teste
10944,treino
10945,treino
10946,validacao
10947,validacao
10948,treino
10949,treino
10950,treino
10951,treino
10952,validacao
10953,treino
10954,treino
10955,validacao
10956,treino
10957,treino
10958,treino
10959,treino
10960,treino
10961,treino
10962,treino
10963,treino
10964,treino
10965,treino
10966,validacao
10967,treino
10968,teste
10969,treino
10970,treino
10971,treino
10972,validacao
10973,treino
10974,validacao
10975,validacao
10976,validacao
10977,treino
10978,teste
10979,treino
10980,teste
10981,treino
10982,treino
10983,validacao
10984,teste
10985,teste
10986,treino
10987,treino
10988,treino
10989,treino
10990,treino
10991,treino
10992,treino
10993,validacao
10994,treino
10995,treino
10996,treino
10997,teste
10998,validacao
10999,treino
11000,treino
11001,treino
11002,teste
11003,teste
11004,treino
11005,teste
11006,treino
11007,teste
11008,treino
11009,treino
11010,treino
11011,treino
11012,treino
11013,treino
11014,teste
11015,teste
11016,teste
11017,validacao
11018,treino
11019,validacao
11020,treino
11021,validacao
11022,treino
11023,treino
11024,treino
11025,treino
11026,treino
11027,teste
11028,teste
11029,treino
11030,teste
11031,treino
11032,treino
11033,treino
11034,treino
11035,treino
11036,treino
11037,treino
11038,teste
11039,teste
11040,teste
11041,treino
11042,treino
11043,treino
11044,treino
11045,treino
11046,treino
11047,treino
11048,teste
11049,treino
11050,validacao
11051,teste
11052,teste
11053,treino
11054,treino
11055,validacao
11056,treino
11057,teste
11058,treino
11059,teste
11060,treino
11061,validacao
11062,validacao
11063,treino
11064,treino
11065,treino
11066,treino
11067,treino
11068,validacao
11069,validacao
11070,treino
11071,teste
11072,treino
11073,treino
11074,treino
11075,treino
11076,validacao
11077,teste
11078,treino
11079,teste
11080,treino
11081,treino
11082,treino
11083,treino
11084,treino
11085,treino
11086,treino
11087,teste
11088,treino
11089,teste
11090,treino
11091,treino
11092,teste
11093,treino
11094,treino
11095,validacao
11096,treino
11097,treino
11098,teste
11099,teste
11100,validacao
11101,validacao
11102,teste
11103,treino
11104,treino
11105,treino
11106,treino
11107,validacao
11108,validacao
11109,treino
11110,validacao
11111,treino
11112,teste
11113,treino
11114,treino
11115,teste
11116,treino
11117,treino
11118,validacao
11119,treino
11120,treino
11121,treino
11122,treino
11123,validacao
11124,treino
11125,treino
11126,teste
11127,treino
11128,treino
11129,treino
11130,teste
11131,validacao
11132,treino
11133,teste
11134,validacao
11135,teste
11136,treino
11137,treino
11138,treino
11139,treino
11140,treino
11141,treino
11142,treino
11143,treino
11144,teste
11145,teste
11146,treino
11147,treino
11148,validacao
11149,validacao
11150,treino
11151,validacao
11152,treino
11153,treino
11154,treino
11155,treino
11156,treino
11157,treino
11158,treino
11159,teste
11160,validacao
11161,treino
11162,treino
11163,treino
11164,treino
11165,validacao
11166,treino
11167,treino
11168,treino
11169,validacao
11170,treino
11171,treino
11172,treino
11173,treino
11174,treino
11175,treino
11176,treino
11177,treino
11178,treino
11179,teste
11180,treino
11181,treino
11182,validacao
11183,treino
11184,treino
11185,teste
11186,treino
11187,validacao
11188,validacao
11189,treino
11190,treino
11191,teste
11192,validacao
11193,teste
11194,validacao
11195,validacao
11196,teste
11197,teste
11198,treino
11199,treino
11200,validacao
11201,teste
11202,treino
11203,treino
11204,teste
11205,treino
11206,treino
11207,treino
11208,validacao
11209,treino
11210,treino
11211,treino
11212,treino
11213,validacao
11214,treino
11215,treino
11216,treino
11217,treino
11218,validacao
11219,treino
11220,validacao
11221,treino
11222,validacao
11223,treino
11224,validacao
11225,teste
11226,treino
11227,treino
11228,teste
11229,treino
11230,validacao
11231,treino
11232,treino
11233,treino
11234,treino
11235,treino
11236,validacao
11237,validacao
11238,validacao
11239,treino
11240,validacao
11241,treino
11242,treino
11243,validacao
11244,treino
11245,teste
11246,teste
11247,validacao
11248,validacao
11249,treino
11250,treino
11251,treino
11252,validacao
11253,treino
11254,treino
11255,treino
11256,treino
11257,teste
11258,treino
11259,treino
11260,treino
11261,treino
11262,treino
11263,validacao
11264,treino
11265,treino
11266,treino
11267,treino
11268,treino
11269,treino
11270,teste
11271,treino
11272,treino
11273,validacao
11274,validacao
11275,treino
11276,treino
11277,validacao
11278,treino
11279,treino
11280,teste
11281,treino
11282,treino
11283,treino
11284,validacao
11285,treino
11286,teste
11287,treino
11288,treino
11289,treino
11290,treino
11291,teste
11292,validacao
11293,validacao
11294,treino
11295,treino
11296,validacao
11297,treino
11298,treino
11299,teste
11300,validacao
11301,teste
11302,teste
11303,treino
11304,validacao
11305,treino
11306,treino
11307,treino
11308,teste
11309,validacao
11310,teste
11311,validacao
11312,treino
11313,treino
11314,teste
11315,teste
11316,validacao
11317,treino
11318,teste
11319,teste
11320,teste
11321,treino
11322,validacao
11323,treino
11324,teste
11325,treino
11326,validacao
11327,teste
11328,treino
11329,validacao
11330,validacao
11331,validacao
11332,treino
11333,validacao
11334,teste
11335,teste
11336,validacao
11337,teste
11338,treino
11339,treino
11340,treino
11341,teste
11342,treino
11343,treino
11344,validacao
11345,teste
11346,treino
11347,teste
11348,treino
11349,treino
11350,treino
11351,treino
11352,treino
11353,treino
11354,treino
11355,treino
11356,validacao
11357,treino
11358,treino
11359,treino
11360,validacao
11361,teste
11362,treino
11363,treino
11364,validacao
11365,teste
11366,treino
11367,teste
11368,treino
11369,treino
11370,treino
11371,treino
11372,validacao
11373,validacao
11374,treino
11375,treino
11376,treino
11377,teste
11378,treino
11379,treino
11380,teste
11381,treino
11382,treino
11383,treino
11384,validacao
11385,treino
11386,teste
11387,treino
11388,validacao
11389,validacao
11390,treino
11391,teste
11392,treino
11393,treino
11394,treino
11395,treino
11396,validacao
11397,treino
11398,validacao
11399,treino
11400,treino
11401,teste
11402,teste
11403,validacao
11404,validacao
11405,teste
11406,treino
11407,treino
11408,teste
11409,teste
11410,treino
11411,validacao
11412,treino
11413,validacao
11414,treino
11415,treino
11416,treino
11417,treino
11418,treino
11419,treino
11420,treino
11421,treino
11422,teste
11423,treino
11424,validacao
11425,validacao
11426,treino
11427,validacao
11428,treino
11429,treino
11430,validacao
11431,treino
11432,treino
11433,teste
11434,treino
11435,treino
11436,treino
11437,validacao
11438,treino
11439,treino
11440,treino
11441,treino
11442,treino
11443,validacao
11444,treino
11445,treino
11446,teste
11447,treino
11448,teste
11449,treino
11450,treino
11451,treino
11452,treino
11453,teste
11454,treino
11455,treino
11456,teste
11457,validacao
11458,teste
11459,treino
11460,treino
11461,validacao
11462,treino
11463,validacao
11464,validacao
11465,treino
11466,treino
11467,treino
11468,teste
11469,teste
11470,teste
11471,treino
11472,treino
11473,treino
11474,teste
11475,teste
11476,teste
11477,treino
11478,teste
11479,treino
11480,treino
11481,treino
11482,treino
11483,validacao
11484,treino
11485,treino
11486,treino
11487,treino
11488,treino
11489,treino
11490,teste
11491,treino
11492,teste
11493,teste
11494,validacao
11495,teste
11496,validacao
11497,treino
11498,treino
11499,treino
11500,treino
11501,teste
11502,treino
11503,treino
11504,treino
11505,treino
11506,treino
11507,teste
11508,teste
11509,treino
11510,validacao
11511,treino
11512,validacao
11513,validacao
11514,teste
11515,treino
11516,validacao
11517,treino
11518,validacao
11519,teste
11520,teste
11521,treino
11522,teste
11523,treino
11524,treino
11525,validacao
11526,teste
11527,teste
11528,validacao
11529,treino
11530,teste
11531,treino
11532,validacao
11533,validacao
11534,teste
11535,validacao
11536,teste
11537,treino
11538,treino
11539,validacao
11540,validacao
11541,validacao
11542,teste
11543,teste
11544,teste
11545,treino
11546,treino
11547,validacao
11548,treino
11549,treino
11550,validacao
11551,validacao
11552,treino
11553,validacao
11554,validacao
11555,treino
11556,treino
11557,validacao
11558,validacao
11559,teste
11560,treino
11561,teste
11562,treino
11563,teste
11564,treino
11565,treino
11566,treino
11567,teste
11568,treino
11569,treino
11570,treino
11571,treino
11572,treino
11573,treino
11574,teste
11575,validacao
11576,teste
11577,teste
11578,treino
11579,treino
11580,validacao
11581,treino
11582,validacao
11583,treino
11584,treino
11585,validacao
11586,treino
11587,treino
11588,treino
11589,validacao
11590,validacao
11591,teste
11592,validacao
11593,teste
11594,validacao
11595,treino
11596,teste
11597,validacao
11598,treino
11599,treino
11600,validacao
11601,teste
11602,teste
11603,validacao
11604,validacao
11605,treino
11606,treino
11607,validacao
11608,teste
11609,validacao
11610,teste
11611,treino
11612,treino
11613,teste
11614,treino
11615,teste
11616,treino
11617,treino
11618,teste
11619,treino
11620,treino
11621,treino
11622,treino
11623,treino
11624,treino
11625,treino
11626,treino
11627,treino
11628,treino
11629,treino
11630,treino
11631,treino
11632,validacao
11633,treino
11634,treino
11635,teste
11636,treino
11637,treino
11638,treino
11639,treino
11640,treino
11641,treino
11642,validacao
11643,validacao
11644,teste
11645,treino
11646,validacao
11647,validacao
11648,treino
11649,validacao
11650,validacao
11651,validacao
11652,teste
11653,treino
11654,validacao
11655,treino
11656,validacao
11657,treino
11658,teste
11659,teste
11660,treino
11661,validacao
11662,treino
11663,treino
11664,validacao
11665,teste
11666,treino
11667,treino
11668,treino
11669,teste
11670,treino
11671,validacao
11672,validacao
11673,teste
11674,teste
11675,treino
11676,treino
11677,teste
11678,treino
11679,treino
11680,treino
11681,validacao
11682,treino
11683,teste
11684,treino
11685,treino
11686,treino
11687,treino
11688,treino
11689,treino
11690,treino
11691,treino
11692,validacao
11693,treino
11694,validacao
11695,validacao
11696,treino
11697,teste
11698,treino
11699,treino
11700,treino
11701,treino
11702,treino
11703,treino
11704,treino
11705,treino
11706,treino
11707,validacao
11708,treino
11709,treino
11710,teste
11711,teste
11712,validacao
11713,treino
11714,treino
11715,treino
11716,teste
11717,teste
11718,treino
11719,teste
11720,treino
11721,treino
11722,validacao
11723,treino
11724,validacao
11725,treino
11726,teste
11727,validacao
11728,treino
11729,teste
11730,treino
11731,treino
11732,treino
11733,treino
11734,teste
11735,teste
11736,validacao
11737,validacao
11738,treino
11739,treino
11740,treino
11741,treino
11742,treino
11743,treino
11744,treino
11745,teste
11746,teste
11747,treino
11748,teste
11749,treino
11750,treino
11751,teste
11752,validacao
11753,treino
11754,teste
11755,treino
11756,treino
11757,teste
11758,teste
11759,treino
11760,validacao
11761,treino
11762,validacao
11763,treino
11764,teste
11765,validacao
11766,validacao
11767,treino
11768,validacao
11769,validacao
11770,treino
11771,teste
11772,treino
11773,treino
11774,teste
11775,validacao
11776,treino
11777,teste
11778,validacao
11779,treino
11780,validacao
11781,treino
11782,validacao
11783,teste
11784,treino
11785,validacao
11786,treino
11787,treino
11788,treino
11789,teste
11790,teste
11791,treino
11792,treino
11793,treino
11794,teste
11795,treino
11796,validacao
11797,teste
11798,teste
11799,treino
11800,validacao
11801,treino
11802,teste
11803,treino
11804,teste
11805,treino
11806,treino
11807,treino
11808,teste
11809,treino
11810,treino
11811,teste
11812,treino
11813,treino
11814,treino
11815,treino
11816,teste
11817,treino
11818,treino
11819,treino
11820,treino
11821,treino
11822,treino
11823,teste
11824,treino
11825,validacao
11826,validacao
11827,treino
11828,teste
11829,treino
11830,treino
11831,treino
11832,validacao
11833,teste
11834,treino
11835,teste
11836,validacao
11837,treino
11838,treino
11839,treino
11840,treino
11841,validacao
11842,treino
11843,validacao
11844,treino
11845,validacao
11846,validacao
11847,treino
11848,validacao
11849,validacao
11850,validacao
11851,treino
11852,teste
11853,teste
11854,teste
11855,validacao
11856,treino
11857,treino
11858,treino
11859,treino
11860,teste
11861,teste
11862,treino
11863,treino
11864,treino
11865,treino
11866,treino
11867,treino
11868,validacao
11869,treino
11870,treino
11871,treino
11872,teste
11873,treino
11874,treino
11875,teste
11876,treino
11877,treino
11878,treino
11879,teste
11880,treino
11881,validacao
11882,treino
11883,treino
11884,teste
11885,treino
11886,treino
11887,teste
11888,teste
11889,teste
11890,validacao
11891,treino
11892,treino
11893,treino
11894,teste
11895,treino
11896,validacao
11897,teste
11898,validacao
11899,treino
11900,treino
11901,treino
11902,treino
11903,treino
11904,teste
11905,treino
11906,treino
11907,treino
11908,treino
11909,treino
11910,teste
11911,treino
11912,teste
11913,treino
11914,treino
11915,treino
11916,teste
11917,validacao
11918,treino
11919,teste
11920,treino
11921,teste
11922,treino
11923,treino
11924,teste
11925,validacao
11926,treino
11927,teste
11928,treino
11929,validacao
11930,validacao
11931,validacao
11932,treino
11933,treino
11934,treino
11935,treino
11936,validacao
11937,validacao
11938,treino
11939,validacao
11940,treino
11941,treino
11942,treino
11943,validacao
11944,treino
11945,treino
11946,teste
11947,validacao
11948,validacao
11949,validacao
11950,treino
11951,treino
11952,validacao
11953,teste
11954,teste
11955,treino
11956,treino
11957,treino
11958,validacao
11959,treino
11960,treino
11961,treino
11962,teste
11963,treino
11964,treino
11965,treino
11966,treino
11967,validacao
11968,validacao
11969,teste
11970,treino
11971,treino
11972,teste
11973,teste
11974,treino
11975,treino
11976,validacao
11977,treino
11978,validacao
11979,treino
11980,validacao
11981,validacao
11982,treino
11983,teste
11984,validacao
11985,validacao
11986,teste
11987,treino
11988,treino
11989,treino
11990,treino
11991,treino
11992,treino
11993,treino
11994,treino
11995,validacao
11996,treino
11997,treino
11998,treino
11999,treino
12000,treino
12001,validacao
12002,treino
12003,treino
12004,treino
12005,treino
12006,treino
12007,treino
12008,treino
12009,validacao
12010,validacao
12011,treino
12012,treino
12013,treino
12014,treino
12015,treino
12016,teste
12017,treino
12018,treino
12019,treino
12020,treino
12021,treino
12022,teste
12023,treino
12024,validacao
12025,teste
12026,validacao
12027,treino
12028,treino
12029,treino
12030,treino
12031,teste
12032,teste
12033,treino
12034,treino
12035,treino
12036,treino
12037,treino
12038,treino
12039,treino
12040,treino
12041,validacao
12042,validacao
12043,treino
12044,treino
12045,treino
12046,treino
12047,treino
12048,treino
12049,validacao
12050,treino
12051,validacao
12052,treino
12053,treino
12054,treino
12055,treino
12056,teste
12057,validacao
12058,teste
12059,treino
12060,treino
12061,treino
12062,validacao
12063,teste
12064,treino
12065,validacao
12066,treino
12067,treino
12068,teste
12069,validacao
12070,treino
12071,validacao
12072,treino
12073,treino
12074,treino
12075,teste
12076,teste
12077,treino
12078,validacao
12079,treino
12080,validacao
12081,treino
12082,treino
12083,teste
12084,treino
12085,treino
12086,treino
12087,validacao
12088,treino
12089,validacao
12090,treino
12091,validacao
12092,validacao
12093,treino
12094,teste
12095,treino
12096,treino
12097,teste
12098,validacao
12099,treino
12100,treino
12101,teste
12102,validacao
12103,teste
12104,validacao
12105,teste
12106,teste
12107,validacao
12108,teste
12109,teste
12110,treino
12111,treino
12112,treino
12113,treino
12114,teste
12115,treino
12116,teste
12117,validacao
12118,teste
12119,validacao
12120,treino
12121,treino
12122,treino
12123,validacao
12124,treino
12125,validacao
12126,validacao
12127,teste
12128,treino
12129,teste
12130,treino
12131,treino
12132,treino
12133,treino
12134,treino
12135,treino
12136,treino
12137,treino
12138,treino
12139,validacao
12140,treino
12141,treino
12142,teste
12143,treino
12144,validacao
12145,validacao
12146,treino
12147,treino
12148,treino
12149,treino
12150,validacao
12151,treino
12152,treino
12153,treino
12154,treino
12155,treino
12156,teste
12157,treino
12158,treino
12159,teste
12160,teste
12161,validacao
12162,validacao
12163,treino
12164,validacao
12165,treino
12166,teste
12167,validacao
12168,validacao
12169,teste
12170,treino
12171,treino
12172,treino
12173,validacao
12174,treino
12175,teste
12176,treino
12177,validacao
12178,validacao
12179,teste
12180,validacao
12181,treino
12182,validacao
12183,treino
12184,treino
12185,treino
12186,validacao
12187,treino
12188,treino
12189,treino
12190,treino
12191,validacao
12192,teste
12193,validacao
12194,treino
12195,treino
12196,treino
12197,treino
12198,treino
12199,treino
12200,treino
12201,treino
12202,treino
12203,teste
12204,treino
12205,treino
12206,treino
12207,validacao
12208,validacao
12209,treino
12210,validacao
12211,treino
12212,teste
12213,validacao
12214,treino
12215,treino
12216,validacao
12217,treino
12218,treino
12219,teste
12220,treino
12221,treino
12222,treino
12223,treino
12224,validacao
12225,treino
12226,teste
12227,validacao
12228,validacao
12229,treino
12230,teste
12231,treino
12232,treino
12233,teste
12234,teste
12235,treino
12236,validacao
12237,treino
12238,treino
12239,validacao
12240,validacao
12241,treino
12242,treino
12243,teste
12244,treino
12245,validacao
12246,teste
12247,treino
12248,treino
12249,treino
12250,treino
12251,treino
12252,teste
12253,teste
12254,validacao
12255,treino
12256,treino
12257,treino
12258,treino
12259,teste
12260,treino
12261,treino
12262,treino
12263,treino
12264,validacao
12265,treino
12266,treino
12267,treino
12268,treino
12269,treino
12270,treino
12271,treino
12272,validacao
12273,treino
12274,treino
12275,validacao
12276,treino
12277,treino
12278,validacao
12279,teste
12280,treino
12281,teste
12282,treino
12283,validacao
12284,treino
12285,teste
12286,treino
12287,treino
12288,treino
12289,teste
12290,treino
12291,teste
12292,teste
12293,treino
12294,treino
12295,treino
12296,validacao
12297,treino
12298,validacao
12299,teste
12300,treino
12301,treino
12302,treino
12303,treino
12304,treino
12305,teste
12306,treino
12307,treino
12308,treino
12309,treino
12310,treino
12311,treino
12312,treino
12313,treino
12314,validacao
12315,teste
12316,teste
12317,treino
12318,treino
12319,validacao
12320,treino
12321,treino
12322,treino
12323,treino
12324,validacao
12325,treino
12326,teste
12327,treino
12328,treino
12329,treino
12330,teste
12331,validacao
12332,teste
12333,teste
12334,treino
12335,treino
12336,treino
12337,treino
12338,treino
12339,teste
12340,teste
12341,validacao
12342,treino
12343,treino
12344,treino
12345,treino
12346,treino
12347,validacao
12348,treino
12349,treino
12350,treino
12351,validacao
12352,treino
12353,treino
12354,teste
12355,treino
12356,treino
12357,teste
12358,treino
12359,treino
12360,treino
12361,treino
12362,treino
12363,treino
12364,treino
12365,treino
12366,treino
12367,validacao
12368,teste
12369,treino
12370,treino
12371,treino
12372,teste
12373,validacao
12374,validacao
12375,treino
12376,treino
12377,teste
12378,treino
12379,validacao
12380,validacao
12381,treino
12382,validacao
12383,treino
12384,teste
12385,treino
12386,treino
12387,treino
12388,treino
12389,teste
12390,treino
12391,teste
12392,treino
12393,validacao
12394,teste
12395,treino
12396,treino
12397,treino
12398,treino
12399,treino
12400,teste
12401,treino
12402,treino
12403,treino
12404,treino
12405,teste
12406,teste
12407,treino
12408,treino
12409,teste
12410,treino
12411,teste
12412,teste
12413,treino
12414,treino
12415,treino
12416,treino
12417,treino
12418,treino
12419,teste
12420,treino
12421,validacao
12422,validacao
12423,validacao
12424,treino
12425,teste
12426,treino
12427,treino
12428,treino
12429,treino
12430,treino
12431,treino
12432,validacao
12433,validacao
12434,treino
12435,treino
12436,teste
12437,treino
12438,validacao
12439,validacao
12440,validacao
12441,validacao
12442,treino
12443,treino
12444,treino
12445,teste
12446,teste
12447,validacao
12448,validacao
12449,validacao
12450,treino
12451,treino
12452,validacao
12453,teste
12454,teste
12455,validacao
12456,validacao
12457,treino
12458,treino
12459,treino
12460,treino
12461,treino
12462,teste
12463,treino
12464,treino
12465,teste
12466,teste
12467,teste
12468,treino
12469,treino
12470,teste
12471,validacao
12472,teste
12473,teste
12474,treino
12475,validacao
12476,teste
12477,treino
12478,treino
12479,treino
12480,teste
12481,treino
12482,treino
12483,treino
12484,treino
12485,teste
12486,treino
12487,validacao
12488,treino
12489,validacao
12490,treino
12491,teste
12492,validacao
12493,teste
12494,teste
12495,treino
12496,teste
12497,treino
12498,teste
12499,treino
12500,treino
12501,treino
12502,treino
12503,teste
12504,treino
12505,treino
12506,treino
12507,validacao
12508,teste
12509,treino
12510,validacao
12511,teste
12512,teste
12513,treino
12514,treino
12515,treino
12516,validacao
12517,treino
12518,treino
12519,validacao
12520,treino
12521,teste
12522,treino
12523,treino
12524,treino
12525,treino
12526,validacao
12527,treino
12528,treino
12529,teste
12530,treino
12531,treino
12532,validacao
12533,validacao
12534,treino
12535,treino
12536,validacao
12537,treino
12538,teste
12539,treino
12540,treino
12541,treino
12542,treino
12543,treino
12544,treino
12545,validacao
12546,teste
12547,validacao
12548,treino
12549,treino
12550,treino
12551,treino
12552,treino
12553,treino
12554,treino
12555,teste
12556,treino
12557,treino
12558,validacao
12559,validacao
12560,validacao
12561,validacao
12562,treino
12563,treino
12564,treino
12565,treino
12566,treino
12567,teste
12568,treino
12569,treino
12570,validacao
12571,treino
12572,validacao
12573,validacao
12574,treino
12575,validacao
12576,treino
12577,validacao
12578,treino
12579,treino
12580,validacao
12581,teste
12582,treino
12583,teste
12584,treino
12585,validacao
12586,teste
12587,treino
12588,treino
12589,validacao
12590,treino
12591,validacao
12592,validacao
12593,teste
12594,validacao
12595,treino
12596,teste
12597,treino
12598,treino
12599,teste
12600,treino
12601,validacao
12602,validacao
12603,treino
12604,treino
12605,validacao
12606,treino
12607,validacao
12608,treino
12609,treino
12610,teste
12611,teste
12612,treino
12613,treino
12614,treino
12615,treino
12616,treino
12617,teste
12618,treino
12619,treino
12620,treino
12621,treino
12622,treino
12623,teste
12624,treino
12625,treino
12626,teste
12627,treino
12628,validacao
12629,validacao
12630,treino
12631,treino
12632,treino
12633,validacao
12634,validacao
12635,treino
12636,treino
12637,teste
12638,treino
12639,teste
12640,treino
12641,treino
12642,treino
12643,validacao
12644,teste
12645,validacao
12646,treino
12647,treino
12648,treino
12649,treino
12650,treino
12651,validacao
12652,validacao
12653,teste
12654,treino
12655,validacao
12656,teste
12657,treino
12658,validacao
12659,treino
12660,treino
12661,validacao
12662,treino
12663,treino
12664,treino
12665,validacao
12666,validacao
12667,teste
12668,teste
12669,treino
12670,treino
12671,teste
12672,validacao
12673,teste
12674,treino
12675,treino
12676,treino
12677,validacao
12678,teste
12679,treino
12680,validacao
12681,treino
12682,treino
12683,validacao
12684,teste
12685,validacao
12686,teste
12687,treino
12688,teste
12689,teste
12690,validacao
12691,treino
12692,teste
12693,treino
12694,teste
12695,treino
12696,validacao
12697,treino
12698,treino
12699,teste
12700,treino
12701,treino
12702,treino
12703,treino
12704,treino
12705,validacao
12706,validacao
12707,treino
12708,treino
12709,treino
12710,validacao
12711,validacao
12712,teste
12713,validacao
12714,teste
12715,validacao
12716,teste
12717,teste
12718,teste
12719,validacao
12720,teste
12721,treino
12722,teste
12723,treino
12724,treino
12725,treino
12726,validacao
12727,treino
12728,treino
12729,treino
12730,treino
12731,treino
12732,treino
12733,teste
12734,treino
12735,teste
12736,treino
12737,teste
12738,validacao
12739,validacao
12740,validacao
12741,treino
12742,treino
12743,validacao
12744,validacao
12745,treino
12746,treino
12747,treino
12748,validacao
12749,validacao
12750,teste
12751,validacao
12752,treino
12753,validacao
12754,treino
12755,teste
12756,treino
12757,treino
12758,teste
12759,teste
12760,teste
12761,validacao
12762,validacao
12763,teste
12764,treino
12765,treino
12766,teste
12767,treino
12768,validacao
12769,treino
12770,treino
12771,treino
12772,treino
12773,treino
12774,teste
12775,validacao
12776,treino
12777,treino
12778,validacao
12779,validacao
12780,treino
12781,treino
12782,treino
12783,treino
12784,validacao
12785,validacao
12786,treino
12787,validacao
12788,treino
12789,treino
12790,treino
12791,treino
12792,teste
12793,treino
12794,treino
12795,treino
12796,treino
12797,teste
12798,teste
12799,validacao
12800,teste
12801,treino
12802,treino
12803,treino
12804,treino
12805,validacao
12806,treino
12807,treino
12808,treino
12809,treino
12810,treino
12811,validacao
12812,teste
12813,treino
12814,teste
12815,validacao
12816,treino
12817,treino
12818,treino
12819,teste
12820,teste
12821,validacao
12822,treino
12823,treino
12824,treino
12825,treino
12826,treino
12827,treino
12828,treino
12829,validacao
12830,treino
12831,treino
12832,treino
12833,teste
12834,validacao
12835,treino
12836,validacao
12837,teste
12838,validacao
12839,validacao
12840,validacao
12841,treino
12842,teste
12843,treino
12844,treino
12845,validacao
12846,treino
12847,treino
12848,treino
12849,treino
12850,validacao
12851,treino
12852,validacao
12853,validacao
12854,validacao
12855,treino
12856,treino
12857,teste
12858,treino
12859,teste
12860,teste
12861,teste
12862,treino
12863,treino
12864,validacao
12865,validacao
12866,validacao
12867,treino
12868,treino
12869,treino
12870,teste
12871,validacao
12872,treino
12873,treino
12874,validacao
12875,treino
12876,treino
12877,validacao
12878,teste
12879,treino
12880,treino
12881,treino
12882,treino
12883,validacao
12884,teste
12885,validacao
12886,teste
12887,validacao
12888,treino
12889,teste
12890,teste
12891,treino
12892,teste
12893,treino
12894,treino
12895,treino
12896,treino
12897,treino
12898,treino
12899,treino
12900,teste
12901,validacao
12902,teste
12903,teste
12904,treino
12905,treino
12906,treino
12907,treino
12908,teste
12909,treino
12910,treino
12911,treino
12912,treino
12913,treino
12914,treino
12915,validacao
12916,treino
12917,treino
12918,treino
12919,treino
12920,treino
12921,treino
12922,treino
12923,treino
12924,treino
12925,teste
12926,validacao
12927,treino
12928,treino
12929,validacao
12930,treino
12931,treino
12932,treino
12933,treino
12934,validacao
12935,treino
12936,teste
12937,validacao
12938,teste
12939,treino
12940,treino
12941,teste
12942,validacao
12943,treino
12944,treino
12945,treino
12946,treino
12947,validacao
12948,treino
12949,treino
12950,teste
12951,treino
12952,validacao
12953,treino
12954,treino
12955,validacao
12956,treino
12957,treino
12958,treino
12959,treino
12960,treino
12961,treino
12962,validacao
12963,treino
12964,treino
12965,treino
12966,treino
12967,validacao
12968,validacao
12969,treino
12970,treino
12971,treino
12972,treino
12973,teste
12974,teste
12975,treino
12976,treino
12977,treino
12978,treino
12979,validacao
12980,teste
12981,teste
12982,treino
12983,teste
12984,validacao
12985,validacao
12986,treino
12987,treino
12988,teste
12989,teste
12990,treino
12991,validacao
12992,treino
12993,teste
12994,validacao
12995,treino
12996,teste
12997,treino
12998,treino
12999,treino
13000,treino
13001,validacao
13002,treino
13003,treino
13004,validacao
13005,teste
13006,treino
13007,validacao
13008,treino
13009,treino
13010,validacao
13011,validacao
13012,validacao
13013,treino
13014,treino
13015,validacao
13016,treino
13017,treino
13018,validacao
13019,validacao
13020,treino
13021,treino
13022,treino
13023,teste
13024,teste
13025,treino
13026,treino
13027,treino
13028,treino
13029,validacao
13030,treino
13031,treino
13032,treino
13033,validacao
13034,validacao
13035,treino
13036,teste
13037,validacao
13038,teste
13039,treino
13040,validacao
13041,treino
13042,treino
13043,treino
13044,teste
13045,teste
13046,teste
13047,treino
13048,validacao
13049,treino
13050,teste
13051,treino
13052,treino
13053,treino
13054,treino
13055,teste
13056,treino
13057,teste
13058,validacao
13059,treino
13060,treino
13061,treino
13062,treino
13063,teste
13064,treino
13065,treino
13066,teste
13067,treino
13068,teste
13069,treino
13070,treino
13071,treino
13072,treino
13073,teste
13074,treino
13075,validacao
13076,validacao
13077,treino
13078,treino
13079,treino
13080,treino
13081,treino
13082,treino
13083,treino
13084,teste
13085,treino
13086,validacao
13087,treino
13088,treino
13089,treino
13090,treino
13091,validacao
13092,treino
13093,treino
13094,treino
13095,validacao
13096,treino
13097,validacao
13098,treino
13099,treino
13100,treino
13101,treino
13102,teste
13103,treino
13104,treino
13105,treino
13106,validacao
13107,teste
13108,treino
13109,treino
13110,treino
13111,treino
13112,treino
13113,teste
13114,treino
13115,treino
13116,treino
13117,validacao
13118,treino
13119,teste
13120,treino
13121,teste
13122,treino
13123,treino
13124,treino
13125,validacao
13126,treino
13127,teste
13128,treino
13129,validacao
13130,treino
13131,treino
13132,treino
13133,treino
13134,treino
13135,treino
13136,treino
13137,treino
13138,treino
13139,teste
13140,validacao
13141,treino
13142,treino
13143,treino
13144,teste
13145,treino
13146,treino
13147,teste
13148,teste
13149,treino
13150,validacao
13151,validacao
13152,teste
13153,treino
13154,validacao
13155,teste
13156,validacao
13157,validacao
13158,treino
13159,treino
13160,validacao
13161,teste
13162,treino
13163,treino
13164,validacao
13165,treino
13166,treino
13167,validacao
13168,treino
13169,treino
13170,teste
13171,treino
13172,validacao
13173,treino
13174,treino
13175,validacao
13176,validacao
13177,treino
13178,teste
13179,teste
13180,validacao
13181,treino
13182,treino
13183,validacao
13184,teste
13185,teste
13186,validacao
13187,treino
13188,teste
13189,treino
13190,validacao
13191,validacao
13192,teste
13193,treino
13194,treino
13195,validacao
13196,validacao
13197,treino
13198,teste
13199,treino
13200,validacao
13201,treino
13202,treino
13203,validacao
13204,teste
13205,teste
13206,treino
13207,teste
13208,treino
13209,treino
13210,teste
13211,treino
13212,teste
13213,validacao
13214,treino
13215,treino
13216,validacao
13217,teste
13218,validacao
13219,validacao
13220,validacao
13221,validacao
13222,treino
13223,teste
13224,validacao
13225,treino
13226,validacao
13227,treino
13228,treino
13229,teste
13230,treino
13231,teste
13232,treino
13233,validacao
13234,validacao
13235,treino
13236,teste
13237,treino
13238,treino
13239,treino
13240,teste
13241,validacao
13242,treino
13243,treino
13244,validacao
13245,validacao
13246,validacao
13247,treino
13248,treino
13249,treino
13250,treino
13251,treino
13252,treino
13253,treino
13254,treino
13255,treino
13256,treino
13257,treino
13258,treino
13259,validacao
13260,teste
13261,teste
13262,treino
13263,validacao
13264,validacao
13265,treino
13266,teste
13267,treino
13268,treino
13269,treino
13270,treino
13271,treino
13272,validacao
13273,treino
13274,validacao
13275,validacao
13276,validacao
13277,treino
13278,teste
13279,treino
13280,teste
13281,validacao
13282,teste
13283,teste
13284,treino
13285,treino
13286,treino
13287,treino
13288,treino
13289,teste
13290,validacao
13291,treino
13292,teste
13293,teste
13294,treino
13295,validacao
13296,treino
13297,teste
13298,validacao
13299,treino
13300,treino
13301,treino
13302,teste
13303,treino
13304,treino
13305,treino
13306,treino
13307,treino
13308,validacao
13309,teste
13310,validacao
13311,treino
13312,teste
13313,validacao
13314,treino
13315,validacao
13316,treino
13317,treino
13318,teste
13319,validacao
13320,treino
13321,teste
13322,validacao
13323,treino
13324,teste
13325,treino
13326,treino
13327,treino
13328,teste
13329,treino
13330,treino
13331,validacao
13332,treino
13333,treino
13334,treino
13335,teste
13336,treino
13337,treino
13338,treino
13339,validacao
13340,treino
13341,treino
13342,treino
13343,validacao
13344,treino
13345,teste
13346,teste
13347,validacao
13348,treino
13349,treino
13350,treino
13351,teste
13352,treino
13353,treino
13354,treino
13355,treino
13356,treino
13357,teste
13358,teste
13359,treino
13360,treino
13361,treino
13362,teste
13363,treino
13364,treino
13365,treino
13366,validacao
13367,treino
13368,teste
13369,teste
13370,treino
13371,validacao
13372,treino
13373,teste
13374,treino
13375,treino
13376,treino
13377,treino
13378,treino
13379,treino
13380,validacao
13381,treino
13382,validacao
13383,teste
13384,treino
13385,treino
13386,validacao
13387,treino
13388,treino
13389,treino
13390,treino
13391,treino
13392,treino
13393,treino
13394,teste
13395,treino
13396,teste
13397,validacao
13398,treino
13399,validacao
13400,teste
13401,teste
13402,treino
13403,treino
13404,validacao
13405,treino
13406,treino
13407,treino
13408,validacao
13409,treino
13410,treino
13411,treino
13412,treino
13413,treino
13414,validacao
13415,treino
13416,treino
13417,treino
13418,treino
13419,treino
13420,teste
13421,treino
13422,treino
13423,teste
13424,treino
13425,treino
13426,treino
13427,treino
13428,treino
13429,validacao
13430,treino
13431,treino
13432,teste
13433,teste
13434,treino
13435,treino
13436,treino
13437,teste
13438,treino
13439,treino
13440,validacao
13441,treino
13442,teste
13443,treino
13444,validacao
13445,treino
13446,validacao
13447,treino
13448,treino
13449,treino
13450,validacao
13451,treino
13452,validacao
13453,treino
13454,teste
13455,validacao
13456,treino
13457,teste
13458,validacao
13459,teste
13460,treino
13461,teste
13462,treino
13463,teste
13464,treino
13465,teste
13466,treino
13467,treino
13468,treino
13469,validacao
13470,teste
13471,treino
13472,treino
13473,treino
13474,treino
13475,treino
13476,treino
13477,treino
13478,teste
13479,validacao
13480,validacao
13481,validacao
13482,treino
13483,treino
13484,treino
13485,treino
13486,validacao
13487,validacao
13488,teste
13489,treino
13490,treino
13491,treino
13492,validacao
13493,treino
13494,validacao
13495,teste
13496,treino
13497,teste
13498,treino
13499,treino
13500,treino
13501,treino
13502,treino
13503,validacao
13504,treino
13505,treino
13506,validacao
13507,treino
13508,treino
13509,teste
13510,validacao
13511,treino
13512,teste
13513,treino
13514,treino
13515,validacao
13516,treino
13517,teste
13518,teste
13519,treino
13520,treino
13521,teste
13522,teste
13523,teste
13524,treino
13525,treino
13526,treino
13527,treino
13528,treino
13529,treino
13530,validacao
13531,treino
13532,treino
13533,treino
13534,treino
13535,treino
13536,treino
13537,teste
13538,treino
13539,treino
13540,teste
13541,treino
13542,teste
13543,validacao
13544,teste
13545,treino
13546,treino
13547,treino
13548,treino
13549,validacao
13550,treino
13551,treino
13552,teste
13553,teste
13554,validacao
13555,treino
13556,teste
13557,treino
13558,treino
13559,validacao
13560,teste
13561,treino
13562,treino
13563,treino
13564,treino
13565,treino
13566,treino
13567,treino
13568,teste
13569,treino
13570,treino
13571,teste
13572,treino
13573,validacao
13574,teste
13575,teste
13576,treino
13577,validacao
13578,treino
13579,validacao
13580,teste
13581,treino
13582,treino
13583,treino
13584,treino
13585,teste
13586,treino
13587,treino
13588,treino
13589,treino
13590,validacao
13591,treino
13592,treino
13593,validacao
13594,teste
13595,treino
13596,teste
13597,validacao
13598,treino
13599,validacao
13600,treino
13601,teste
13602,treino
13603,treino
13604,treino
13605,validacao
13606,validacao
13607,treino
13608,teste
13609,treino
13610,teste
13611,treino
13612,teste
13613,treino
13614,treino
13615,validacao
13616,treino
13617,teste
13618,treino
13619,teste
13620,validacao
13621,treino
13622,treino
13623,treino
13624,validacao
13625,validacao
13626,treino
13627,treino
13628,treino
13629,treino
13630,treino
13631,treino
13632,treino
13633,validacao
13634,treino
13635,teste
13636,validacao
13637,treino
13638,treino
13639,teste
13640,treino
13641,treino
13642,teste
13643,treino
13644,treino
13645,validacao
13646,treino
13647,treino
13648,treino
13649,treino
13650,teste
13651,validacao
13652,treino
13653,teste
13654,treino
13655,treino
13656,validacao
13657,treino
13658,treino
13659,treino
13660,treino
13661,treino
13662,validacao
13663,treino
13664,teste
13665,teste
13666,treino
13667,treino
13668,treino
13669,teste
13670,treino
13671,treino
13672,validacao
13673,validacao
13674,validacao
13675,treino
13676,treino
13677,treino
13678,treino
13679,validacao
13680,treino
13681,treino
13682,treino
13683,treino
13684,treino
13685,validacao
13686,treino
13687,treino
13688,treino
13689,treino
13690,validacao
13691,treino
13692,treino
13693,teste
13694,treino
13695,treino
13696,teste
13697,treino
13698,treino
13699,treino
13700,treino
13701,treino
13702,treino
13703,treino
13704,validacao
13705,treino
13706,teste
13707,treino
13708,treino
13709,teste
13710,teste
13711,treino
13712,treino
13713,treino
13714,teste
13715,teste
13716,validacao
13717,treino
13718,treino
13719,teste
13720,treino
13721,treino
13722,treino
13723,treino
13724,treino
13725,treino
13726,teste
13727,treino
13728,validacao
13729,treino
13730,validacao
13731,validacao
13732,validacao
13733,validacao
13734,validacao
13735,treino
13736,treino
13737,teste
13738,teste
13739,treino
13740,treino
13741,treino
13742,teste
13743,teste
13744,validacao
13745,treino
13746,treino
13747,treino
13748,validacao
13749,treino
13750,treino
13751,treino
13752,treino
13753,treino
13754,teste
13755,treino
13756,teste
13757,treino
13758,teste
13759,treino
13760,treino
13761,treino
13762,treino
13763,teste
13764,teste
13765,teste
13766,treino
13767,teste
13768,treino
13769,treino
13770,treino
13771,treino
13772,validacao
13773,treino
13774,treino
13775,treino
13776,validacao
13777,treino
13778,treino
13779,validacao
13780,treino
13781,validacao
13782,treino
13783,teste
13784,teste
13785,treino
13786,treino
13787,validacao
13788,teste
13789,treino
13790,teste
13791,treino
13792,treino
13793,treino
13794,treino
13795,teste
13796,treino
13797,teste
13798,teste
13799,treino
13800,teste
13801,treino
13802,treino
13803,treino
13804,treino
13805,treino
13806,teste
13807,validacao
13808,treino
13809,validacao
13810,treino
13811,teste
13812,validacao
13813,treino
13814,treino
13815,teste
13816,treino
13817,teste
13818,teste
13819,validacao
13820,teste
13821,treino
13822,treino
13823,treino
13824,validacao
13825,validacao
13826,treino
13827,teste
13828,treino
13829,validacao
13830,treino
13831,treino
13832,treino
13833,treino
13834,treino
13835,teste
13836,validacao
13837,treino
13838,treino
13839,treino
13840,treino
13841,teste
13842,teste
13843,treino
13844,treino
13845,treino
13846,validacao
13847,treino
13848,treino
13849,treino
13850,treino
13851,teste
13852,treino
13853,teste
13854,treino
13855,treino
13856,treino
13857,teste
13858,treino
13859,teste
13860,treino
13861,treino
13862,treino
13863,treino
13864,teste
13865,treino
13866,treino
13867,treino
13868,treino
13869,treino
13870,teste
13871,treino
13872,treino
13873,teste
13874,treino
13875,treino
13876,validacao
13877,treino
13878,treino
13879,treino
13880,treino
13881,treino
13882,teste
13883,treino
13884,treino
13885,treino
13886,validacao
13887,treino
13888,treino
13889,treino
13890,teste
13891,treino
13892,treino
13893,validacao
13894,treino
13895,treino
13896,validacao
13897,treino
13898,treino
13899,treino
13900,treino
13901,treino
13902,treino
13903,treino
13904,teste
13905,treino
13906,teste
13907,treino
13908,treino
13909,treino
13910,treino
13911,validacao
13912,treino
13913,treino
13914,teste
13915,treino
13916,validacao
13917,teste
13918,teste
13919,treino
13920,teste
13921,treino
13922,treino
13923,validacao
13924,treino
13925,treino
13926,treino
13927,teste
13928,validacao
13929,treino
13930,treino
13931,treino
13932,treino
13933,validacao
13934,treino
13935,treino
13936,treino
13937,validacao
13938,teste
13939,treino
13940,teste
13941,treino
13942,treino
13943,treino
13944,treino
13945,validacao
13946,treino
13947,treino
13948,validacao
13949,validacao
13950,treino
13951,treino
13952,treino
13953,treino
13954,treino
13955,treino
13956,treino
13957,treino
13958,treino
13959,treino
13960,treino
13961,teste
13962,teste
13963,validacao
13964,treino
13965,treino
13966,teste
13967,treino
13968,validacao
13969,treino
13970,treino
13971,teste
13972,treino
13973,treino
13974,treino
13975,treino
13976,teste
13977,treino
13978,validacao
13979,teste
13980,validacao
13981,treino
13982,teste
13983,treino
13984,treino
13985,validacao
13986,treino
13987,treino
13988,treino
13989,validacao
13990,treino
13991,treino
13992,treino
13993,treino
13994,validacao
13995,teste
13996,validacao
13997,treino
13998,treino
13999,treino
14000,validacao
14001,treino
14002,validacao
14003,treino
14004,treino
14005,treino
14006,teste
14007,treino
14008,treino
14009,teste
14010,teste
14011,treino
14012,validacao
14013,treino
14014,treino
14015,treino
14016,treino
14017,treino
14018,teste
14019,treino
14020,treino
14021,validacao
14022,treino
14023,treino
14024,treino
14025,treino
14026,teste
14027,teste
14028,treino
14029,validacao
14030,treino
14031,teste
14032,treino
14033,treino
14034,treino
14035,treino
14036,treino
14037,treino
14038,treino
14039,validacao
14040,teste
14041,treino
14042,treino
14043,treino
14044,treino
14045,validacao
14046,treino
14047,validacao
14048,treino
14049,treino
14050,treino
14051,treino
14052,treino
14053,teste
14054,treino
14055,treino
14056,treino
14057,treino
14058,treino
14059,treino
14060,teste
14061,validacao
14062,teste
14063,treino
14064,treino
14065,validacao
14066,treino
14067,treino
14068,treino
14069,treino
14070,teste
14071,treino
14072,treino
14073,teste
14074,treino
14075,validacao
14076,treino
14077,treino
14078,treino
14079,validacao
14080,treino
14081,treino
14082,validacao
14083,treino
14084,teste
14085,treino
14086,treino
14087,treino
14088,treino
14089,teste
14090,validacao
14091,treino
14092,teste
14093,treino
14094,treino
14095,validacao
14096,validacao
14097,treino
14098,validacao
14099,treino
14100,treino
14101,treino
14102,validacao
14103,validacao
14104,treino
14105,treino
14106,treino
14107,treino
14108,treino
14109,teste
14110,teste
14111,teste
14112,teste
14113,treino
14114,treino
14115,validacao
14116,treino
14117,teste
14118,teste
14119,treino
14120,treino
14121,treino
14122,treino
14123,teste
14124,treino
14125,treino
14126,treino
14127,treino
14128,validacao
14129,treino
14130,treino
14131,teste
14132,teste
14133,treino
14134,treino
14135,validacao
14136,treino
14137,treino
14138,teste
14139,teste
14140,validacao
14141,validacao
14142,validacao
14143,teste
14144,treino
14145,treino
14146,validacao
14147,treino
14148,treino
14149,treino
14150,treino
14151,treino
14152,treino
14153,validacao
14154,treino
14155,validacao
14156,teste
14157,validacao
14158,validacao
14159,treino
14160,treino
14161,validacao
14162,treino
14163,teste
14164,validacao
14165,treino
14166,validacao
14167,teste
14168,treino
14169,teste
14170,teste
14171,teste
14172,treino
14173,teste
14174,treino
14175,treino
14176,treino
14177,teste
14178,validacao
14179,validacao
14180,teste
14181,teste
14182,treino
14183,treino
14184,treino
14185,treino
14186,teste
14187,treino
14188,treino
14189,teste
14190,treino
14191,treino
14192,treino
14193,treino
14194,teste
14195,validacao
14196,validacao
14197,validacao
14198,validacao
14199,treino
14200,teste
14201,treino
14202,treino
14203,treino
14204,treino
14205,treino
14206,treino
14207,treino
14208,treino
14209,teste
14210,teste
14211,validacao
14212,treino
14213,teste
14214,treino
14215,treino
14216,treino
14217,teste
14218,treino
14219,treino
14220,treino
14221,treino
14222,validacao
14223,treino
14224,treino
14225,treino
14226,treino
14227,teste
14228,teste
14229,teste
14230,treino
14231,treino
14232,treino
14233,treino
14234,validacao
14235,teste
14236,validacao
14237,treino
14238,treino
14239,validacao
14240,treino
14241,treino
14242,validacao
14243,validacao
14244,treino
14245,teste
14246,validacao
14247,validacao
14248,treino
14249,treino
14250,treino
14251,teste
14252,treino
14253,treino
14254,treino
14255,treino
14256,validacao
14257,teste
14258,teste
14259,treino
14260,validacao
14261,treino
14262,validacao
14263,validacao
14264,treino
14265,validacao
14266,teste
14267,treino
14268,treino
14269,treino
14270,treino
14271,treino
14272,validacao
14273,treino
14274,treino
14275,treino
14276,treino
14277,treino
14278,treino
14279,treino
14280,validacao
14281,treino
14282,teste
14283,teste
14284,treino
14285,treino
14286,teste
14287,validacao
14288,teste
14289,validacao
14290,validacao
14291,treino
14292,validacao
14293,teste
14294,treino
14295,treino
14296,treino
14297,treino
14298,treino
14299,teste
14300,treino
14301,treino
14302,treino
14303,treino
14304,teste
14305,treino
14306,treino
14307,treino
14308,treino
14309,treino
14310,teste
14311,treino
14312,treino
14313,treino
14314,treino
14315,teste
14316,treino
14317,validacao
14318,validacao
14319,validacao
14320,teste
14321,validacao
14322,treino
14323,teste
14324,treino
14325,teste
14326,teste
14327,treino
14328,treino
14329,treino
14330,teste
14331,teste
14332,treino
14333,teste
14334,teste
14335,treino
14336,treino
14337,teste
14338,treino
14339,treino
14340,validacao
14341,validacao
14342,validacao
14343,teste
14344,validacao
14345,validacao
14346,teste
14347,validacao
14348,teste
14349,treino
14350,treino
14351,validacao
14352,treino
14353,treino
14354,treino
14355,teste
14356,teste
14357,treino
14358,validacao
14359,treino
14360,treino
14361,treino
14362,teste
14363,validacao
14364,treino
14365,validacao
14366,treino
14367,treino
14368,teste
14369,treino
14370,treino
14371,validacao
14372,treino
14373,treino
14374,treino
14375,treino
14376,treino
14377,teste
14378,treino
14379,validacao
14380,treino
14381,validacao
14382,validacao
14383,teste
14384,treino
14385,treino
14386,treino
14387,treino
14388,treino
14389,treino
14390,treino
14391,teste
14392,treino
14393,validacao
14394,treino
14395,treino
14396,validacao
14397,treino
14398,treino
14399,validacao
14400,validacao
14401,treino
14402,teste
14403,treino
14404,teste
14405,treino
14406,treino
14407,treino
14408,treino
14409,treino
14410,teste
14411,treino
14412,treino
14413,treino
14414,treino
14415,validacao
14416,validacao
14417,treino
14418,teste
14419,treino
14420,teste
14421,validacao
14422,validacao
14423,treino
14424,teste
14425,validacao
14426,teste
14427,treino
14428,teste
14429,treino
14430,validacao
14431,teste
14432,treino
14433,treino
14434,treino
14435,treino
14436,treino
14437,validacao
14438,teste
14439,validacao
14440,treino
14441,treino
14442,validacao
14443,validacao
14444,treino
14445,validacao
14446,treino
14447,treino
14448,teste
14449,teste
14450,treino
14451,teste
14452,treino
14453,treino
14454,validacao
14455,teste
14456,treino
14457,treino
14458,validacao
14459,treino
14460,teste
14461,treino
14462,treino
14463,treino
14464,validacao
14465,treino
14466,validacao
14467,validacao
14468,validacao
14469,validacao
14470,treino
14471,teste
14472,treino
14473,treino
14474,teste
14475,validacao
14476,treino
14477,treino
14478,treino
14479,teste
14480,teste
14481,teste
14482,teste
14483,teste
14484,validacao
14485,teste
14486,treino
14487,teste
14488,teste
14489,treino
14490,treino
14491,treino
14492,teste
14493,teste
14494,treino
14495,teste
14496,validacao
14497,treino
14498,treino
14499,treino
14500,validacao
14501,validacao
14502,treino
14503,treino
14504,treino
14505,teste
14506,validacao
14507,validacao
14508,teste
14509,validacao
14510,validacao
14511,validacao
14512,treino
14513,treino
14514,treino
14515,treino
14516,teste
14517,treino
14518,teste
14519,teste
14520,treino
14521,treino
14522,treino
14523,teste
14524,treino
14525,teste
14526,treino
14527,treino
14528,teste
14529,validacao
14530,treino
14531,validacao
14532,validacao
14533,treino
14534,treino
14535,teste
14536,treino
14537,treino
14538,validacao
14539,treino
14540,treino
14541,teste
14542,treino
14543,teste
14544,treino
14545,validacao
14546,treino
14547,treino
14548,validacao
14549,treino
14550,treino
14551,treino
14552,teste
14553,treino
14554,treino
14555,treino
14556,treino
14557,treino
14558,validacao
14559,treino
14560,treino
14561,treino
14562,treino
14563,treino
14564,treino
14565,treino
14566,teste
14567,treino
14568,validacao
14569,validacao
14570,treino
14571,treino
14572,treino
14573,treino
14574,teste
14575,validacao
14576,teste
14577,treino
14578,validacao
14579,teste
14580,teste
14581,treino
14582,treino
14583,validacao
14584,validacao
14585,validacao
14586,treino
14587,validacao
14588,treino
14589,treino
14590,teste
14591,treino
14592,treino
14593,teste
14594,treino
14595,treino
14596,treino
14597,treino
14598,treino
14599,treino
14600,teste
14601,treino
14602,treino
14603,treino
14604,teste
14605,validacao
14606,treino
14607,treino
14608,treino
14609,teste
14610,treino
14611,treino
14612,treino
14613,validacao
14614,treino
14615,teste
14616,treino
14617,treino
14618,treino
14619,treino
14620,teste
14621,teste
14622,treino
14623,teste
14624,treino
14625,treino
14626,treino
14627,treino
14628,validacao
14629,validacao
14630,treino
14631,treino
14632,treino
14633,treino
14634,treino
14635,teste
14636,teste
14637,treino
14638,treino
14639,teste
14640,treino
14641,treino
14642,treino
14643,treino
14644,treino
14645,treino
14646,treino
14647,treino
14648,treino
14649,teste
14650,teste
14651,treino
14652,validacao
14653,teste
14654,treino
14655,treino
14656,validacao
14657,teste
14658,treino
14659,treino
14660,treino
14661,treino
14662,treino
14663,treino
14664,teste
14665,teste
14666,validacao
14667,treino
14668,treino
14669,treino
14670,treino
14671,teste
14672,treino
14673,treino
14674,treino
14675,teste
14676,treino
14677,treino
14678,treino
14679,teste
14680,teste
14681,treino
14682,treino
14683,treino
14684,teste
14685,treino
14686,teste
14687,validacao
14688,treino
14689,treino
14690,treino
14691,treino
14692,teste
14693,teste
14694,validacao
14695,treino
14696,teste
14697,validacao
14698,treino
14699,treino
14700,validacao
14701,treino
14702,treino
14703,validacao
14704,treino
14705,treino
14706,validacao
14707,treino
14708,treino
14709,treino
14710,validacao
14711,treino
14712,teste
14713,teste
14714,validacao
14715,treino
14716,validacao
14717,treino
14718,treino
14719,validacao
14720,treino
14721,treino
14722,treino
14723,teste
14724,treino
14725,treino
14726,teste
14727,validacao
14728,validacao
14729,treino
14730,validacao
14731,validacao
14732,validacao
14733,treino
14734,treino
14735,treino
14736,teste
14737,treino
14738,treino
14739,teste
14740,teste
14741,treino
14742,treino
14743,treino
14744,validacao
14745,teste
14746,validacao
14747,treino
14748,treino
14749,teste
14750,treino
14751,treino
14752,treino
14753,teste
14754,treino
14755,treino
14756,validacao
14757,treino
14758,treino
14759,validacao
14760,teste
14761,treino
14762,teste
14763,validacao
14764,teste
14765,validacao
14766,treino
14767,treino
14768,treino
14769,teste
14770,treino
14771,validacao
14772,treino
14773,validacao
14774,teste
14775,treino
14776,teste
14777,treino
14778,validacao
14779,treino
14780,validacao
14781,teste
14782,teste
14783,treino
14784,treino
14785,treino
14786,treino
14787,validacao
14788,teste
14789,treino
14790,treino
14791,treino
14792,teste
14793,teste
14794,treino
14795,treino
14796,validacao
14797,validacao
14798,teste
14799,teste
14800,teste
14801,treino
14802,treino
14803,treino
14804,treino
14805,treino
14806,teste
14807,treino
14808,treino
14809,treino
14810,treino
14811,treino
14812,treino
14813,treino
14814,treino
14815,treino
14816,teste
14817,treino
14818,validacao
14819,validacao
14820,treino
14821,treino
14822,treino
14823,treino
14824,treino
14825,treino
14826,teste
14827,treino
14828,treino
14829,teste
14830,treino
14831,teste
14832,validacao
14833,treino
14834,treino
14835,treino
14836,teste
14837,treino
14838,treino
14839,treino
14840,treino
14841,treino
14842,validacao
14843,treino
14844,treino
14845,treino
14846,treino
14847,validacao
14848,treino
14849,treino
14850,treino
14851,treino
14852,treino
14853,validacao
14854,treino
14855,validacao
14856,treino
14857,teste
14858,treino
14859,validacao
14860,validacao
14861,treino
14862,treino
14863,treino
14864,teste
14865,treino
14866,treino
14867,treino
14868,validacao
14869,teste
14870,treino
14871,treino
14872,validacao
14873,validacao
14874,teste
14875,treino
14876,treino
14877,teste
14878,treino
14879,treino
14880,treino
14881,treino
14882,treino
14883,validacao
14884,treino
14885,treino
14886,validacao
14887,treino
14888,teste
14889,treino
14890,treino
14891,treino
14892,teste
14893,treino
14894,treino
14895,treino
14896,validacao
14897,treino
14898,teste
14899,validacao
14900,treino
14901,validacao
14902,treino
14903,teste
14904,treino
14905,treino
14906,treino
14907,validacao
14908,teste
14909,validacao
14910,teste
14911,teste
14912,teste
14913,treino
14914,treino
14915,treino
14916,treino
14917,teste
14918,validacao
14919,treino
14920,validacao
14921,treino
14922,treino
14923,treino
14924,treino
14925,treino
14926,treino
14927,validacao
14928,teste
14929,teste
14930,treino
14931,validacao
14932,teste
14933,treino
14934,treino
14935,treino
14936,treino
14937,teste
14938,treino
14939,treino
14940,treino
14941,treino
14942,teste
14943,treino
14944,treino
14945,teste
14946,teste
14947,teste
14948,treino
14949,treino
14950,treino
14951,treino
14952,teste
14953,treino
14954,treino
14955,treino
14956,treino
14957,treino
14958,validacao
14959,teste
14960,validacao
14961,treino
14962,treino
14963,treino
14964,teste
14965,treino
14966,treino
14967,validacao
14968,treino
14969,treino
14970,treino
14971,validacao
14972,teste
14973,validacao
14974,treino
14975,treino
14976,treino
14977,validacao
14978,treino
14979,treino
14980,teste
14981,treino
14982,validacao
14983,treino
14984,treino
14985,treino
14986,validacao
14987,treino
14988,treino
14989,validacao
14990,treino
14991,validacao
14992,treino
14993,validacao
14994,teste
14995,teste
14996,teste
14997,treino
14998,treino
14999,validacao
15000,teste
15001,teste
15002,treino
15003,teste
15004,validacao
15005,treino
15006,teste
15007,treino
15008,treino
15009,treino
15010,treino
15011,validacao
15012,treino
15013,teste
15014,teste
15015,teste
15016,teste
15017,treino
15018,treino
15019,teste
15020,treino
15021,treino
15022,teste
15023,treino
15024,teste
15025,validacao
15026,treino
15027,treino
15028,treino
15029,validacao
15030,treino
15031,teste
15032,treino
15033,treino
15034,teste
15035,validacao
15036,treino
15037,treino
15038,treino
15039,validacao
15040,treino
15041,validacao
15042,treino
15043,treino
15044,treino
15045,treino
15046,teste
15047,validacao
15048,treino
15049,validacao
15050,validacao
15051,treino
15052,validacao
15053,validacao
15054,treino
15055,treino
15056,teste
15057,treino
15058,teste
15059,treino
15060,validacao
15061,validacao
15062,treino
15063,treino
15064,treino
15065,teste
15066,treino
15067,teste
15068,treino
15069,treino
15070,teste
15071,treino
15072,treino
15073,teste
15074,treino
15075,treino
15076,treino
15077,validacao
15078,treino
15079,treino
15080,treino
15081,treino
15082,treino
15083,treino
15084,validacao
15085,treino
15086,teste
15087,validacao
15088,treino
15089,treino
15090,teste
15091,treino
15092,treino
15093,treino
15094,treino
15095,treino
15096,validacao
15097,treino
15098,validacao
15099,treino
15100,treino
15101,treino
15102,treino
15103,treino
15104,validacao
15105,validacao
15106,treino
15107,treino
15108,validacao
15109,treino
15110,treino
15111,validacao
15112,treino
15113,treino
15114,treino
15115,treino
15116,teste
15117,validacao
15118,treino
15119,treino
15120,validacao
15121,treino
15122,treino
15123,validacao
15124,validacao
15125,treino
15126,validacao
15127,treino
15128,treino
15129,treino
15130,validacao
15131,validacao
15132,treino
15133,treino
15134,treino
15135,treino
15136,teste
15137,treino
15138,validacao
15139,treino
15140,validacao
15141,treino
15142,treino
15143,treino
15144,treino
15145,teste
15146,treino
15147,treino
15148,treino
15149,treino
15150,validacao
15151,teste
15152,treino
15153,treino
15154,treino
15155,teste
15156,treino
15157,treino
15158,treino
15159,validacao
15160,teste
15161,treino
15162,treino
15163,teste
15164,validacao
15165,validacao
15166,teste
15167,teste
15168,treino
15169,teste
15170,treino
15171,treino
15172,treino
15173,treino
15174,treino
15175,treino
15176,teste
15177,teste
15178,treino
15179,treino
15180,validacao
15181,validacao
15182,treino
15183,validacao
15184,validacao
15185,treino
15186,treino
15187,teste
15188,teste
15189,treino
15190,validacao
15191,treino
15192,validacao
15193,treino
15194,treino
15195,treino
15196,validacao
15197,treino
15198,treino
15199,treino
15200,validacao
15201,treino
15202,validacao
15203,validacao
15204,treino
15205,treino
15206,treino
15207,validacao
15208,treino
15209,treino
15210,treino
15211,teste
15212,treino
15213,treino
15214,teste
15215,teste
15216,teste
15217,teste
15218,treino
15219,treino
15220,treino
15221,treino
15222,validacao
15223,treino
15224,validacao
15225,validacao
15226,treino
15227,validacao
15228,treino
15229,teste
15230,teste
15231,treino
15232,validacao
15233,validacao
15234,teste
15235,treino
15236,treino
15237,treino
15238,teste
15239,treino
15240,treino
15241,treino
15242,treino
15243,validacao
15244,treino
15245,treino
15246,treino
15247,treino
15248,treino
15249,validacao
15250,treino
15251,treino
15252,treino
15253,treino
15254,treino
15255,treino
15256,treino
15257,treino
15258,treino
15259,treino
15260,treino
15261,treino
15262,treino
15263,teste
15264,teste
15265,treino
15266,validacao
15267,treino
15268,treino
15269,validacao
15270,teste
15271,teste
15272,treino
15273,validacao
15274,treino
15275,treino
15276,teste
15277,treino
15278,teste
15279,treino
15280,treino
15281,validacao
15282,validacao
15283,validacao
15284,treino
15285,teste
15286,treino
15287,treino
15288,treino
15289,teste
15290,treino
15291,teste
15292,validacao
15293,treino
15294,treino
15295,treino
15296,treino
15297,validacao
15298,treino
15299,teste
15300,treino
15301,teste
15302,treino
15303,teste
15304,treino
15305,treino
15306,treino
15307,treino
15308,treino
15309,treino
15310,treino
15311,treino
15312,treino
15313,treino
15314,validacao
15315,treino
15316,treino
15317,teste
15318,treino
15319,teste
15320,treino
15321,validacao
15322,validacao
15323,teste
15324,treino
15325,treino
15326,validacao
15327,teste
15328,treino
15329,treino
15330,treino
15331,validacao
15332,treino
15333,treino
15334,teste
15335,validacao
15336,treino
15337,teste
15338,validacao
15339,treino
15340,teste
15341,treino
15342,teste
15343,treino
15344,teste
15345,validacao
15346,teste
15347,treino
15348,treino
15349,treino
15350,validacao
15351,teste
15352,teste
15353,treino
15354,treino
15355,treino
15356,treino
15357,treino
15358,treino
15359,treino
15360,teste
15361,teste
15362,teste
15363,validacao
15364,treino
15365,teste
15366,treino
15367,treino
15368,treino
15369,treino
15370,validacao
15371,teste
15372,validacao
15373,treino
15374,treino
15375,treino
15376,teste
15377,treino
15378,treino
15379,treino
15380,validacao
15381,teste
15382,treino
15383,treino
15384,teste
15385,treino
15386,treino
15387,validacao
15388,teste
15389,treino
15390,treino
15391,teste
15392,treino
15393,treino
15394,validacao
15395,teste
15396,treino
15397,treino
15398,treino
15399,teste
15400,treino
15401,treino
15402,treino
15403,treino
15404,treino
15405,validacao
15406,treino
15407,teste
15408,treino
15409,validacao
15410,treino
15411,treino
15412,treino
15413,teste
15414,treino
15415,teste
15416,treino
15417,treino
15418,treino
15419,treino
15420,validacao
15421,teste
15422,teste
15423,treino
15424,validacao
15425,treino
15426,treino
15427,treino
15428,treino
15429,teste
15430,treino
15431,validacao
15432,treino
15433,treino
15434,teste
15435,validacao
15436,treino
15437,treino
15438,validacao
15439,treino
15440,teste
15441,validacao
15442,teste
15443,treino
15444,validacao
15445,teste
15446,treino
15447,treino
15448,treino
15449,treino
15450,treino
15451,treino
15452,teste
15453,treino
15454,treino
15455,validacao
15456,validacao
15457,treino
15458,treino
15459,treino
15460,treino
15461,treino
15462,validacao
15463,validacao
15464,treino
15465,teste
15466,teste
15467,treino
15468,treino
15469,treino
15470,treino
15471,validacao
15472,validacao
15473,treino
15474,treino
15475,treino
15476,treino
15477,treino
15478,validacao
15479,teste
15480,treino
15481,teste
15482,validacao
15483,treino
15484,treino
15485,treino
15486,treino
15487,treino
15488,treino
15489,treino
15490,treino
15491,teste
15492,validacao
15493,teste
15494,teste
15495,treino
15496,treino
15497,treino
15498,treino
15499,treino
15500,treino
15501,treino
15502,teste
15503,teste
15504,treino
15505,validacao
15506,treino
15507,treino
15508,treino
15509,treino
15510,treino
15511,validacao
15512,teste
15513,validacao
15514,treino
15515,treino
15516,treino
15517,treino
15518,treino
15519,treino
15520,validacao
15521,treino
15522,treino
15523,treino
15524,validacao
15525,treino
15526,treino
15527,treino
15528,treino
15529,validacao
15530,treino
15531,validacao
15532,treino
15533,treino
15534,validacao
15535,teste
15536,treino
15537,treino
15538,treino
15539,validacao
15540,treino
15541,treino
15542,validacao
15543,teste
15544,treino
15545,treino
15546,treino
15547,validacao
15548,validacao
15549,treino
15550,treino
15551,treino
15552,treino
15553,treino
15554,treino
15555,treino
15556,treino
15557,treino
15558,treino
15559,teste
15560,treino
15561,treino
15562,teste
15563,treino
15564,treino
15565,treino
15566,validacao
15567,treino
15568,teste
15569,treino
15570,teste
15571,teste
15572,treino
15573,validacao
15574,validacao
15575,treino
15576,treino
15577,treino
15578,teste
15579,treino
15580,treino
15581,treino
15582,treino
15583,treino
15584,teste
15585,treino
15586,treino
15587,treino
15588,teste
15589,teste
15590,teste
15591,validacao
15592,validacao
15593,teste
15594,treino
15595,treino
15596,validacao
15597,treino
15598,teste
15599,treino
15600,teste
15601,validacao
15602,validacao
15603,treino
15604,treino
15605,validacao
15606,teste
15607,treino
15608,treino
15609,validacao
15610,treino
15611,validacao
15612,treino
15613,treino
15614,treino
15615,teste
15616,treino
15617,teste
15618,teste
15619,treino
15620,treino
15621,treino
15622,treino
15623,treino
15624,treino
15625,treino
15626,validacao
15627,treino
15628,treino
15629,treino
15630,treino
15631,treino
15632,treino
15633,teste
15634,teste
15635,treino
15636,treino
15637,teste
15638,treino
15639,treino
15640,teste
15641,treino
15642,treino
15643,treino
15644,teste
15645,teste
15646,treino
15647,teste
15648,validacao
15649,teste
15650,teste
15651,treino
15652,validacao
15653,treino
15654,teste
15655,treino
15656,treino
15657,teste
15658,treino
15659,validacao
15660,teste
15661,treino
15662,treino
15663,treino
15664,validacao
15665,treino
15666,validacao
15667,treino
15668,treino
15669,validacao
15670,treino
15671,treino
15672,validacao
15673,teste
15674,validacao
15675,validacao
15676,treino
15677,treino
15678,treino
15679,treino
15680,treino
15681,treino
15682,treino
15683,treino
15684,teste
15685,treino
15686,treino
15687,teste
15688,validacao
15689,teste
15690,treino
15691,treino
15692,teste
15693,teste
15694,teste
15695,treino
15696,treino
15697,teste
15698,treino
15699,teste
15700,treino
15701,treino
15702,teste
15703,treino
15704,treino
15705,teste
15706,validacao
15707,treino
15708,teste
15709,treino
15710,validacao
15711,treino
15712,treino
15713,treino
15714,treino
15715,teste
15716,teste
15717,treino
15718,teste
15719,treino
15720,treino
15721,treino
15722,treino
15723,treino
15724,validacao
15725,treino
15726,treino
15727,treino
15728,treino
15729,teste
15730,teste
15731,validacao
15732,treino
15733,treino
15734,validacao
15735,treino
15736,validacao
15737,treino
15738,treino
15739,teste
15740,teste
15741,treino
15742,treino
15743,treino
15744,validacao
15745,validacao
15746,validacao
15747,treino
15748,treino
15749,treino
15750,treino
15751,validacao
15752,treino
15753,treino
15754,treino
15755,validacao
15756,validacao
15757,treino
15758,treino
15759,teste
15760,treino
15761,validacao
15762,treino
15763,validacao
15764,treino
15765,validacao
15766,treino
15767,validacao
15768,validacao
15769,treino
15770,validacao
15771,validacao
15772,treino
15773,treino
15774,treino
15775,treino
15776,treino
15777,treino
15778,teste
15779,treino
15780,treino
15781,validacao
15782,treino
15783,treino
15784,teste
15785,treino
15786,teste
15787,treino
15788,validacao
15789,validacao
15790,validacao
15791,teste
15792,treino
15793,treino
15794,treino
15795,teste
15796,teste
15797,treino
15798,teste
15799,validacao
15800,treino
15801,treino
15802,treino
15803,treino
15804,treino
15805,treino
15806,treino
15807,treino
15808,validacao
15809,treino
15810,treino
15811,validacao
15812,treino
15813,treino
15814,validacao
15815,validacao
15816,treino
15817,treino
15818,treino
15819,treino
15820,treino
15821,treino
15822,teste
15823,teste
15824,treino
15825,validacao
15826,teste
15827,treino
15828,treino
15829,validacao
15830,teste
15831,teste
15832,treino
15833,treino
15834,treino
15835,treino
15836,treino
15837,validacao
15838,treino
15839,teste
15840,treino
15841,treino
15842,treino
15843,treino
15844,validacao
15845,treino
15846,validacao
15847,validacao
15848,validacao
15849,treino
15850,treino
15851,treino
15852,treino
15853,teste
15854,treino
15855,validacao
15856,validacao
15857,teste
15858,treino
15859,treino
15860,treino
15861,treino
15862,teste
15863,teste
15864,teste
15865,treino
15866,treino
15867,validacao
15868,treino
15869,validacao
15870,treino
15871,treino
15872,treino
15873,treino
15874,treino
15875,validacao
15876,treino
15877,treino
15878,treino
15879,treino
15880,teste
15881,treino
15882,treino
15883,treino
15884,treino
15885,treino
15886,treino
15887,treino
15888,validacao
15889,validacao
15890,teste
15891,treino
15892,teste
15893,teste
15894,teste
15895,treino
15896,treino
15897,validacao
15898,teste
15899,treino
15900,treino
15901,teste
15902,treino
15903,treino
15904,treino
15905,validacao
15906,treino
15907,treino
15908,treino
15909,treino
15910,treino
15911,teste
15912,treino
15913,treino
15914,treino
15915,teste
15916,teste
15917,validacao
15918,validacao
15919,treino
15920,validacao
15921,treino
15922,validacao
15923,treino
15924,teste
15925,treino
15926,treino
15927,treino
15928,teste
15929,teste
15930,treino
15931,treino
15932,teste
15933,treino
15934,treino
15935,treino
15936,treino
15937,validacao
15938,treino
15939,treino
15940,treino
15941,treino
15942,teste
15943,treino
15944,teste
15945,validacao
15946,validacao
15947,validacao
15948,validacao
15949,validacao
15950,validacao
15951,teste
15952,treino
15953,teste
15954,treino
15955,treino
15956,treino
15957,treino
15958,treino
15959,teste
15960,treino
15961,treino
15962,treino
15963,validacao
15964,treino
15965,validacao
15966,teste
15967,treino
15968,teste
15969,validacao
15970,treino
15971,validacao
15972,treino
15973,treino
15974,teste
15975,treino
15976,treino
15977,teste
15978,treino
15979,validacao
15980,treino
15981,teste
15982,treino
15983,treino
15984,validacao
15985,teste
15986,treino
15987,teste
15988,validacao
15989,treino
15990,validacao
15991,treino
15992,treino
15993,validacao
15994,treino
15995,treino
15996,teste
15997,teste
15998,treino
15999,validacao
16000,treino
16001,teste
16002,treino
16003,treino
16004,treino
16005,treino
16006,treino
16007,teste
16008,teste
16009,treino
16010,treino
16011,treino
16012,treino
16013,treino
16014,treino
16015,treino
16016,teste
16017,treino
16018,validacao
16019,validacao
16020,validacao
16021,treino
16022,teste
16023,treino
16024,treino
16025,treino
16026,teste
16027,treino
16028,validacao
16029,treino
16030,teste
16031,treino
16032,treino
16033,teste
16034,treino
16035,teste
16036,teste
16037,teste
16038,validacao
16039,treino
16040,treino
16041,validacao
16042,teste
16043,treino
16044,treino
16045,treino
16046,treino
16047,validacao
16048,validacao
16049,treino
16050,teste
16051,treino
16052,treino
16053,treino
16054,treino
16055,treino
16056,teste
16057,treino
16058,validacao
16059,validacao
16060,treino
16061,treino
16062,treino
16063,treino
16064,treino
16065,treino
16066,treino
16067,treino
16068,validacao
16069,treino
16070,treino
16071,teste
16072,teste
16073,treino
16074,treino
16075,treino
16076,treino
16077,teste
16078,treino
16079,teste
16080,validacao
16081,treino
16082,treino
16083,treino
16084,treino
16085,validacao
16086,treino
16087,treino
16088,teste
16089,teste
16090,treino
16091,treino
16092,treino
16093,treino
16094,treino
16095,treino
16096,treino
16097,validacao
16098,treino
16099,treino
16100,treino
16101,treino
16102,validacao
16103,treino
16104,treino
16105,teste
16106,treino
16107,validacao
16108,treino
16109,teste
16110,validacao
16111,validacao
16112,treino
16113,treino
16114,treino
16115,validacao
16116,teste
16117,teste
16118,teste
16119,treino
16120,treino
16121,treino
16122,teste
16123,treino
16124,treino
16125,teste
16126,treino
16127,teste
16128,teste
16129,treino
16130,teste
16131,teste
16132,treino
16133,validacao
16134,teste
16135,treino
16136,treino
16137,treino
16138,treino
16139,validacao
16140,treino
16141,treino
16142,treino
16143,teste
16144,treino
16145,treino
16146,treino
16147,teste
16148,teste
16149,validacao
16150,treino
16151,treino
16152,treino
16153,treino
16154,treino
16155,treino
16156,treino
16157,teste
16158,teste
16159,validacao
16160,treino
16161,treino
16162,teste
16163,treino
16164,validacao
16165,treino
16166,teste
16167,treino
16168,treino
16169,teste
16170,treino
16171,treino
16172,treino
16173,treino
16174,treino
16175,treino
16176,teste
16177,treino
16178,treino
16179,validacao
16180,treino
16181,treino
16182,treino
16183,validacao
16184,treino
16185,treino
16186,treino
16187,teste
16188,treino
16189,teste
16190,treino
16191,treino
16192,validacao
16193,teste
16194,teste
16195,treino
16196,treino
16197,treino
16198,teste
16199,validacao
16200,teste
16201,treino
16202,treino
16203,treino
16204,treino
16205,treino
16206,treino
16207,validacao
16208,teste
16209,teste
16210,treino
16211,teste
16212,teste
16213,teste
16214,treino
16215,treino
16216,treino
16217,treino
16218,treino
16219,validacao
16220,treino
16221,validacao
16222,treino
16223,validacao
16224,treino
16225,treino
16226,treino
16227,validacao
16228,treino
16229,treino
16230,validacao
16231,treino
16232,teste
16233,treino
16234,treino
16235,treino
16236,treino
16237,treino
16238,treino
16239,treino
16240,treino
16241,treino
16242,teste
16243,validacao
16244,treino
16245,validacao
16246,treino
16247,treino
16248,treino
16249,treino
16250,teste
16251,validacao
16252,treino
16253,treino
16254,treino
16255,validacao
16256,teste
16257,treino
16258,teste
16259,treino
16260,teste
16261,treino
16262,treino
16263,treino
16264,treino
16265,validacao
16266,treino
16267,treino
16268,treino
16269,treino
16270,treino
16271,treino
16272,treino
16273,treino
16274,validacao
16275,treino
16276,validacao
16277,treino
16278,treino
16279,treino
16280,teste
16281,treino
16282,treino
16283,treino
16284,treino
16285,treino
16286,treino
16287,treino
16288,treino
16289,treino
16290,treino
16291,validacao
16292,treino
16293,treino
16294,teste
16295,teste
16296,validacao
16297,validacao
16298,treino
16299,treino
16300,validacao
16301,treino
16302,validacao
16303,treino
16304,treino
16305,teste
16306,treino
16307,teste
16308,treino
16309,teste
16310,treino
16311,treino
16312,treino
16313,teste
16314,validacao
16315,treino
16316,teste
16317,treino
16318,validacao
16319,treino
16320,treino
16321,treino
16322,treino
16323,teste
16324,teste
16325,treino
16326,treino
16327,treino
16328,teste
16329,treino
16330,treino
16331,treino
16332,teste
16333,teste
16334,treino
16335,treino
16336,treino
16337,validacao
16338,treino
16339,teste
16340,treino
16341,teste
16342,treino
16343,treino
16344,validacao
16345,treino
16346,validacao
16347,validacao
16348,validacao
16349,treino
16350,validacao
16351,treino
16352,treino
16353,teste
16354,teste
16355,validacao
16356,treino
16357,treino
16358,treino
16359,treino
16360,validacao
16361,teste
16362,treino
16363,treino
16364,validacao
16365,treino
16366,validacao
16367,teste
16368,treino
16369,validacao
16370,treino
16371,teste
16372,treino
16373,treino
16374,validacao
16375,treino
16376,treino
16377,treino
16378,treino
16379,teste
16380,treino
16381,teste
16382,treino
16383,treino
16384,treino
16385,treino
16386,treino
16387,validacao
16388,treino
16389,treino
16390,teste
16391,treino
16392,treino
16393,treino
16394,treino
16395,treino
16396,treino
16397,validacao
16398,treino
16399,treino
16400,validacao
16401,treino
16402,treino
16403,treino
16404,treino
16405,treino
16406,treino
16407,treino
16408,teste
16409,teste
16410,treino
16411,treino
16412,validacao
16413,treino
16414,treino
16415,teste
16416,teste
16417,teste
16418,treino
16419,teste
16420,teste
16421,treino
16422,treino
16423,treino
16424,treino
16425,treino
16426,treino
16427,treino
16428,treino
16429,validacao
16430,treino
16431,treino
16432,teste
16433,treino
16434,treino
16435,teste
16436,treino
16437,treino
16438,teste
16439,teste
16440,treino
16441,validacao
16442,treino
16443,treino
16444,validacao
16445,validacao
16446,validacao
16447,teste
16448,treino
16449,validacao
16450,validacao
16451,treino
16452,teste
16453,treino
16454,treino
16455,treino
16456,validacao
16457,teste
16458,validacao
16459,treino
16460,validacao
16461,treino
16462,teste
16463,treino
16464,treino
16465,teste
16466,validacao
16467,treino
16468,validacao
16469,teste
16470,teste
16471,teste
16472,treino
16473,teste
16474,treino
16475,treino
16476,treino
16477,treino
16478,teste
16479,treino
16480,treino
16481,validacao
16482,treino
16483,teste
16484,treino
16485,treino
16486,treino
16487,treino
16488,treino
16489,validacao
16490,treino
16491,treino
16492,teste
16493,teste
16494,treino
16495,teste
16496,treino
16497,treino
16498,treino
16499,validacao
16500,treino
16501,teste
16502,teste
16503,treino
16504,treino
16505,teste
16506,treino
16507,treino
16508,treino
16509,treino
16510,validacao
16511,treino
16512,treino
16513,treino
16514,treino
16515,treino
16516,teste
16517,teste
16518,treino
16519,treino
16520,treino
16521,teste
16522,treino
16523,treino
16524,validacao
16525,treino
16526,treino
16527,treino
16528,treino
16529,treino
16530,teste
16531,teste
16532,teste
16533,validacao
16534,validacao
16535,validacao
16536,treino
16537,treino
16538,teste
16539,validacao
16540,treino
16541,treino
16542,treino
16543,treino
16544,treino
16545,validacao
16546,treino
16547,treino
16548,treino
16549,treino
16550,treino
16551,treino
16552,validacao
16553,treino
16554,treino
16555,validacao
16556,treino
16557,treino
16558,treino
16559,validacao
16560,treino
16561,treino
16562,treino
16563,treino
16564,treino
16565,treino
16566,treino
16567,teste
16568,validacao
16569,validacao
16570,validacao
16571,validacao
16572,teste
16573,teste
16574,treino
16575,treino
16576,validacao
16577,treino
16578,teste
16579,teste
16580,teste
16581,treino
16582,validacao
16583,treino
16584,teste
16585,treino
16586,teste
16587,validacao
16588,validacao
16589,treino
16590,treino
16591,treino
16592,treino
16593,treino
16594,treino
16595,teste
16596,treino
16597,treino
16598,treino
16599,treino
16600,teste
16601,treino
16602,treino
16603,treino
16604,validacao
16605,treino
16606,validacao
16607,treino
16608,teste
16609,teste
16610,treino
16611,teste
16612,validacao
16613,treino
16614,teste
16615,teste
16616,treino
16617,validacao
16618,teste
16619,treino
16620,treino
16621,teste
16622,treino
16623,treino
16624,teste
16625,treino
16626,treino
16627,treino
16628,teste
16629,treino
16630,treino
16631,treino
16632,treino
16633,treino
16634,treino
16635,teste
16636,validacao
16637,validacao
16638,treino
16639,teste
16640,treino
16641,validacao
16642,treino
16643,treino
16644,treino
16645,teste
16646,treino
16647,treino
16648,teste
16649,teste
16650,treino
16651,treino
16652,teste
16653,teste
16654,treino
16655,teste
16656,treino
16657,treino
16658,treino
16659,treino
16660,teste
16661,validacao
16662,treino
16663,validacao
16664,teste
16665,teste
16666,teste
16667,treino
16668,treino
16669,treino
16670,treino
16671,treino
16672,treino
16673,treino
16674,treino
16675,teste
16676,treino
16677,treino
16678,treino
16679,treino
16680,validacao
16681,validacao
16682,treino
16683,validacao
16684,teste
16685,treino
16686,treino
16687,treino
16688,validacao
16689,treino
16690,treino
16691,treino
16692,treino
16693,validacao
16694,validacao
16695,validacao
16696,treino
16697,treino
16698,teste
16699,treino
16700,treino
16701,treino
16702,validacao
16703,treino
16704,treino
16705,treino
16706,teste
16707,treino
16708,treino
16709,treino
16710,validacao
16711,treino
16712,treino
16713,treino
16714,validacao
16715,validacao
16716,treino
16717,treino
16718,validacao
16719,validacao
16720,validacao
16721,validacao
16722,teste
16723,treino
16724,treino
16725,treino
16726,treino
16727,treino
16728,treino
16729,teste
16730,teste
16731,treino
16732,teste
16733,teste
16734,treino
16735,treino
16736,teste
16737,validacao
16738,treino
16739,treino
16740,validacao
16741,teste
16742,treino
16743,teste
16744,teste
16745,treino
16746,validacao
16747,treino
16748,teste
16749,teste
16750,treino
16751,validacao
16752,teste
16753,teste
16754,treino
16755,treino
16756,validacao
16757,teste
16758,teste
16759,teste
16760,treino
16761,treino
16762,treino
16763,treino
16764,treino
16765,treino
16766,validacao
16767,treino
16768,validacao
16769,teste
16770,teste
16771,teste
16772,treino
16773,teste
16774,validacao
16775,treino
16776,treino
16777,teste
16778,validacao
16779,teste
16780,teste
16781,treino
16782,validacao
16783,treino
16784,teste
16785,teste
16786,validacao
16787,validacao
16788,teste
16789,treino
16790,validacao
16791,treino
16792,validacao
16793,treino
16794,treino
16795,teste
16796,treino
16797,treino
16798,treino
16799,treino
16800,treino
16801,validacao
16802,teste
16803,teste
16804,treino
16805,teste
16806,treino
16807,treino
16808,validacao
16809,teste
16810,validacao
16811,treino
16812,treino
16813,teste
16814,treino
16815,validacao
16816,treino
16817,treino
16818,treino
16819,teste
16820,validacao
16821,validacao
16822,teste
16823,treino
16824,treino
16825,validacao
16826,teste
16827,validacao
16828,validacao
16829,validacao
16830,teste
16831,teste
16832,treino
16833,validacao
16834,treino
16835,validacao
16836,teste
16837,teste
16838,treino
16839,teste
16840,treino
16841,treino
16842,treino
16843,treino
16844,treino
16845,treino
16846,treino
16847,validacao
16848,treino
16849,teste
16850,treino
16851,teste
16852,teste
16853,treino
16854,treino
16855,teste
16856,treino
16857,treino
16858,treino
16859,treino
16860,validacao
16861,validacao
16862,teste
16863,treino
16864,treino
16865,treino
16866,treino
16867,treino
16868,validacao
16869,validacao
16870,teste
16871,teste
16872,teste
16873,validacao
16874,validacao
16875,treino
16876,treino
16877,treino
16878,treino
16879,treino
16880,treino
16881,treino
16882,treino
16883,validacao
16884,teste
16885,treino
16886,validacao
16887,treino
16888,treino
16889,treino
16890,treino
16891,treino
16892,treino
16893,validacao
16894,teste
16895,validacao
16896,treino
16897,teste
16898,treino
16899,treino
16900,treino
16901,teste
16902,teste
16903,validacao
16904,validacao
16905,treino
16906,validacao
16907,treino
16908,treino
16909,treino
16910,treino
16911,treino
16912,treino
16913,treino
16914,teste
16915,treino
16916,treino
16917,validacao
16918,validacao
16919,treino
16920,treino
16921,validacao
16922,treino
16923,treino
16924,teste
16925,treino
16926,treino
16927,teste
16928,teste
16929,treino
16930,treino
16931,treino
16932,treino
16933,treino
16934,validacao
16935,teste
16936,teste
16937,validacao
16938,validacao
16939,treino
16940,treino
16941,treino
16942,treino
16943,validacao
16944,validacao
16945,treino
16946,treino
16947,treino
16948,treino
16949,validacao
16950,teste
16951,treino
16952,validacao
16953,treino
16954,treino
16955,treino
16956,teste
16957,treino
16958,teste
16959,validacao
16960,treino
16961,treino
16962,treino
16963,teste
16964,treino
16965,teste
16966,treino
16967,treino
16968,treino
16969,treino
16970,treino
16971,treino
16972,treino
16973,validacao
16974,teste
16975,validacao
16976,treino
16977,teste
16978,treino
16979,teste
16980,treino
16981,teste
16982,treino
16983,teste
16984,treino
16985,teste
16986,teste
16987,treino
16988,treino
16989,validacao
16990,treino
16991,teste
16992,treino
16993,teste
16994,treino
16995,teste
16996,treino
16997,treino
16998,treino
16999,teste
17000,treino
17001,treino
17002,validacao
17003,validacao
17004,teste
17005,treino
17006,treino
17007,teste
17008,treino
17009,treino
17010,validacao
17011,teste
17012,validacao
17013,validacao
17014,treino
17015,treino
17016,treino
17017,validacao
17018,treino
17019,treino
17020,treino
17021,treino
17022,treino
17023,treino
17024,treino
17025,treino
17026,treino
17027,treino
17028,treino
17029,treino
17030,teste
17031,treino
17032,treino
17033,treino
17034,validacao
17035,teste
17036,validacao
17037,validacao
17038,validacao
17039,treino
17040,treino
17041,validacao
17042,treino
17043,validacao
17044,treino
17045,treino
17046,treino
17047,validacao
17048,treino
17049,validacao
17050,validacao
17051,treino
17052,teste
17053,validacao
17054,treino
17055,teste
17056,teste
17057,validacao
17058,treino
17059,treino
17060,treino
17061,treino
17062,validacao
17063,teste
17064,validacao
17065,treino
17066,treino
17067,treino
17068,validacao
17069,treino
17070,teste
17071,teste
17072,treino
17073,treino
17074,teste
17075,teste
17076,teste
17077,treino
17078,treino
17079,treino
17080,treino
17081,treino
17082,validacao
17083,validacao
17084,validacao
17085,treino
17086,treino
17087,treino
17088,treino
17089,treino
17090,treino
17091,validacao
17092,treino
17093,validacao
17094,treino
17095,treino
17096,treino
17097,validacao
17098,validacao
17099,treino
17100,teste
17101,treino
17102,treino
17103,treino
17104,teste
17105,treino
17106,treino
17107,treino
17108,validacao
17109,teste
17110,treino
17111,treino
17112,validacao
17113,treino
17114,treino
17115,treino
17116,teste
17117,treino
17118,treino
17119,treino
17120,treino
17121,treino
17122,validacao
17123,validacao
17124,treino
17125,treino
17126,validacao
17127,treino
17128,treino
17129,teste
17130,treino
17131,validacao
17132,treino
17133,treino
17134,treino
17135,treino
17136,validacao
17137,validacao
17138,treino
17139,validacao
17140,treino
17141,treino
17142,treino
17143,treino
17144,teste
17145,treino
17146,treino
17147,treino
17148,teste
17149,teste
17150,treino
17151,teste
17152,treino
17153,treino
17154,treino
17155,validacao
17156,treino
17157,teste
17158,treino
17159,validacao
17160,teste
17161,treino
17162,treino
17163,teste
17164,treino
17165,treino
17166,treino
17167,validacao
17168,teste
17169,treino
17170,treino
17171,treino
17172,treino
17173,validacao
17174,treino
17175,treino
17176,treino
17177,validacao
17178,teste
17179,treino
17180,treino
17181,teste
17182,treino
17183,treino
17184,teste
17185,validacao
17186,validacao
17187,teste
17188,teste
17189,treino
17190,treino
17191,treino
17192,treino
17193,validacao
17194,validacao
17195,treino
17196,treino
17197,treino
17198,treino
17199,treino
17200,teste
17201,treino
17202,validacao
17203,treino
17204,treino
17205,treino
17206,treino
17207,validacao
17208,treino
17209,treino
17210,treino
17211,validacao
17212,treino
17213,treino
17214,teste
17215,treino
17216,validacao
17217,validacao
17218,treino
17219,treino
17220,validacao
17221,treino
17222,teste
17223,treino
17224,validacao
17225,validacao
17226,treino
17227,treino
17228,teste
17229,treino
17230,treino
17231,treino
17232,treino
17233,treino
17234,treino
17235,treino
17236,teste
17237,treino
17238,validacao
17239,treino
17240,validacao
17241,teste
17242,treino
17243,treino
17244,teste
17245,treino
17246,treino
17247,validacao
17248,treino
17249,treino
17250,treino
17251,treino
17252,validacao
17253,teste
17254,validacao
17255,treino
17256,treino
17257,treino
17258,treino
17259,teste
17260,teste
17261,treino
17262,treino
17263,treino
17264,treino
17265,teste
17266,treino
17267,treino
17268,teste
17269,treino
17270,treino
17271,treino
17272,teste
17273,teste
17274,teste
17275,treino
17276,treino
17277,validacao
17278,treino
17279,treino
17280,treino
17281,treino
17282,teste
17283,treino
17284,teste
17285,teste
17286,treino
17287,teste
17288,treino
17289,teste
17290,teste
17291,treino
17292,treino
17293,treino
17294,teste
17295,treino
17296,validacao
17297,teste
17298,treino
17299,treino
17300,validacao
17301,treino
17302,validacao
17303,validacao
17304,treino
17305,treino
17306,teste
17307,treino
17308,treino
17309,treino
17310,treino
17311,treino
17312,teste
17313,treino
17314,validacao
17315,teste
17316,validacao
17317,teste
17318,teste
17319,treino
17320,treino
17321,teste
17322,teste
17323,treino
17324,validacao
17325,validacao
17326,teste
17327,treino
17328,validacao
17329,validacao
17330,treino
17331,teste
17332,treino
17333,validacao
17334,treino
17335,treino
17336,treino
17337,treino
17338,validacao
17339,treino
17340,treino
17341,treino
17342,teste
17343,treino
17344,validacao
17345,validacao
17346,treino
17347,teste
17348,treino
17349,validacao
17350,treino
17351,treino
17352,teste
17353,teste
17354,treino
17355,treino
17356,validacao
17357,treino
17358,treino
17359,validacao
17360,treino
17361,treino
17362,teste
17363,validacao
17364,treino
17365,treino
17366,treino
17367,treino
17368,treino
17369,teste
17370,treino
17371,validacao
17372,treino
17373,validacao
17374,treino
17375,treino
17376,teste
17377,validacao
17378,validacao
17379,treino
17380,treino
17381,teste
17382,validacao
17383,validacao
17384,treino
17385,treino
17386,treino
17387,treino
17388,teste
17389,treino
17390,teste
17391,treino
17392,teste
17393,treino
17394,treino
17395,validacao
17396,treino
17397,teste
17398,validacao
17399,treino
17400,treino
17401,validacao
17402,treino
17403,treino
17404,treino
17405,treino
17406,validacao
17407,treino
17408,validacao
17409,teste
17410,validacao
17411,treino
17412,treino
17413,validacao
17414,validacao
17415,validacao
17416,teste
17417,treino
17418,treino
17419,treino
17420,treino
17421,teste
17422,teste
17423,teste
17424,treino
17425,validacao
17426,treino
17427,validacao
17428,treino
17429,treino
17430,teste
17431,treino
17432,treino
17433,validacao
17434,teste
17435,teste
17436,teste
17437,treino
17438,treino
17439,teste
17440,teste
17441,treino
17442,teste
17443,treino
17444,treino
17445,treino
17446,treino
17447,treino
17448,validacao
17449,treino
17450,treino
17451,treino
17452,teste
17453,treino
17454,treino
17455,treino
17456,treino
17457,teste
17458,treino
17459,treino
17460,treino
17461,teste
17462,treino
17463,treino
17464,teste
17465,teste
17466,treino
17467,treino
17468,treino
17469,treino
17470,treino
17471,validacao
17472,treino
17473,treino
17474,treino
17475,treino
17476,validacao
17477,treino
17478,validacao
17479,validacao
17480,teste
17481,treino
17482,treino
17483,treino
17484,treino
17485,treino
17486,treino
17487,teste
17488,treino
17489,treino
17490,teste
17491,treino
17492,treino
17493,treino
17494,validacao
17495,treino
17496,treino
17497,validacao
17498,treino
17499,treino
17500,treino
17501,validacao
17502,teste
17503,treino
17504,validacao
17505,teste
17506,treino
17507,treino
17508,treino
17509,treino
17510,treino
17511,treino
17512,treino
17513,treino
17514,treino
17515,treino
17516,validacao
17517,treino
17518,treino
17519,treino
17520,treino
17521,teste
17522,teste
17523,treino
17524,teste
17525,validacao
17526,teste
17527,treino
17528,treino
17529,validacao
17530,teste
17531,treino
17532,treino
17533,teste
17534,validacao
17535,treino
17536,treino
17537,treino
17538,treino
17539,treino
17540,validacao
17541,treino
17542,treino
17543,validacao
17544,validacao
17545,treino
17546,validacao
17547,treino
17548,validacao
17549,teste
17550,treino
17551,teste
17552,treino
17553,teste
17554,validacao
17555,treino
17556,treino
17557,treino
17558,validacao
17559,treino
17560,treino
17561,teste
17562,treino
17563,treino
17564,teste
17565,treino
17566,treino
17567,treino
17568,teste
17569,treino
17570,treino
17571,treino
17572,teste
17573,treino
17574,treino
17575,treino
17576,teste
17577,treino
17578,treino
17579,treino
17580,teste
17581,treino
17582,teste
17583,treino
17584,teste
17585,treino
17586,treino
17587,treino
17588,treino
17589,treino
17590,treino
17591,treino
17592,treino
17593,treino
17594,treino
17595,validacao
17596,treino
17597,teste
17598,treino
17599,teste
17600,teste
17601,teste
17602,treino
17603,treino
17604,treino
17605,validacao
17606,treino
17607,teste
17608,treino
17609,teste
17610,teste
17611,validacao
17612,treino
17613,treino
17614,treino
17615,treino
17616,treino
17617,treino
17618,treino
17619,treino
17620,validacao
17621,treino
17622,validacao
17623,validacao
17624,treino
17625,treino
17626,treino
17627,treino
17628,validacao
17629,treino
17630,treino
17631,treino
17632,treino
17633,treino
17634,teste
17635,validacao
17636,treino
17637,treino
17638,teste
17639,treino
17640,treino
17641,treino
17642,treino
17643,treino
17644,teste
17645,treino
17646,teste
17647,validacao
17648,treino
17649,validacao
17650,validacao
17651,treino
17652,treino
17653,treino
17654,treino
17655,treino
17656,validacao
17657,treino
17658,treino
17659,treino
17660,validacao
17661,treino
17662,validacao
17663,teste
17664,treino
17665,validacao
17666,teste
17667,treino
17668,validacao
17669,treino
17670,teste
17671,treino
17672,treino
17673,validacao
17674,teste
17675,treino
17676,teste
17677,treino
17678,treino
17679,treino
17680,treino
17681,validacao
17682,validacao
17683,treino
17684,teste
17685,treino
17686,teste
17687,treino
17688,treino
17689,treino
17690,treino
17691,treino
17692,validacao
17693,treino
17694,teste
17695,treino
17696,teste
17697,teste
17698,treino
17699,treino
17700,treino
17701,teste
17702,validacao
17703,treino
17704,validacao
17705,validacao
17706,validacao
17707,treino
17708,treino
17709,validacao
17710,validacao
17711,treino
17712,treino
17713,treino
17714,treino
17715,treino
17716,teste
17717,teste
17718,teste
17719,treino
17720,teste
17721,teste
17722,treino
17723,teste
17724,treino
17725,validacao
17726,validacao
17727,validacao
17728,treino
17729,treino
17730,validacao
17731,treino
17732,validacao
17733,treino
17734,treino
17735,validacao
17736,validacao
17737,validacao
17738,teste
17739,treino
17740,treino
17741,treino
17742,validacao
17743,treino
17744,treino
17745,treino
17746,treino
17747,teste
17748,teste
17749,treino
17750,validacao
17751,treino
17752,treino
17753,teste
17754,validacao
17755,treino
17756,treino
17757,treino
17758,treino
17759,treino
17760,treino
17761,teste
17762,validacao
17763,treino
17764,treino
17765,treino
17766,validacao
17767,validacao
17768,treino
17769,treino
17770,treino
17771,teste
17772,treino
17773,treino
17774,teste
17775,treino
17776,validacao
17777,treino
17778,treino
17779,teste
17780,treino
17781,validacao
17782,treino
17783,treino
17784,teste
17785,validacao
17786,treino
17787,validacao
17788,treino
17789,treino
17790,treino
17791,teste
17792,teste
17793,treino
17794,treino
17795,treino
17796,validacao
17797,treino
17798,treino
17799,treino
17800,treino
17801,treino
17802,treino
17803,treino
17804,validacao
17805,teste
17806,validacao
17807,treino
17808,teste
17809,treino
17810,treino
17811,treino
17812,teste
17813,treino
17814,validacao
17815,treino
17816,treino
17817,validacao
17818,treino
17819,validacao
17820,teste
17821,treino
17822,treino
17823,teste
17824,teste
17825,teste
17826,teste
17827,treino
17828,treino
17829,validacao
17830,treino
17831,validacao
17832,treino
17833,validacao
17834,validacao
17835,validacao
17836,treino
17837,validacao
17838,treino
17839,treino
17840,treino
17841,treino
17842,validacao
17843,treino
17844,treino
17845,validacao
17846,treino
17847,teste
17848,treino
17849,treino
17850,validacao
17851,treino
17852,teste
17853,teste
17854,validacao
17855,treino
17856,treino
17857,treino
17858,treino
17859,treino
17860,validacao
17861,treino
17862,teste
17863,validacao
17864,treino
17865,treino
17866,validacao
17867,treino
17868,treino
17869,validacao
17870,validacao
17871,validacao
17872,treino
17873,teste
17874,treino
17875,treino
17876,treino
17877,treino
17878,teste
17879,treino
17880,teste
17881,treino
17882,validacao
17883,treino
17884,teste
17885,treino
17886,treino
17887,treino
17888,treino
17889,treino
17890,treino
17891,treino
17892,treino
17893,treino
17894,treino
17895,validacao
17896,teste
17897,teste
17898,treino
17899,validacao
17900,treino
17901,treino
17902,treino
17903,treino
17904,validacao
17905,treino
17906,treino
17907,validacao
17908,treino
17909,teste
17910,treino
17911,teste
17912,teste
17913,treino
17914,validacao
17915,teste
17916,treino
17917,teste
17918,validacao
17919,treino
17920,treino
17921,treino
17922,treino
17923,treino
17924,validacao
17925,validacao
17926,validacao
17927,treino
17928,validacao
17929,teste
17930,treino
17931,teste
17932,treino
17933,validacao
17934,treino
17935,treino
17936,treino
17937,treino
17938,teste
17939,teste
17940,teste
17941,validacao
17942,treino
17943,teste
17944,teste
17945,treino
17946,teste
17947,treino
17948,validacao
17949,treino
17950,treino
17951,validacao
17952,teste
17953,treino
17954,validacao
17955,treino
17956,validacao
17957,treino
17958,validacao
17959,treino
17960,treino
17961,treino
17962,teste
17963,treino
17964,validacao
17965,teste
17966,teste
17967,teste
17968,teste
17969,treino
17970,validacao
17971,treino
17972,treino
17973,treino
17974,treino
17975,treino
17976,treino
17977,validacao
17978,treino
17979,teste
17980,validacao
17981,treino
17982,treino
17983,teste
17984,treino
17985,teste
17986,validacao
17987,validacao
17988,treino
17989,teste
17990,treino
17991,treino
17992,treino
17993,treino
17994,treino
17995,validacao
17996,treino
17997,treino
17998,treino
17999,treino
18000,treino
18001,validacao
18002,treino
18003,teste
18004,teste
18005,teste
18006,teste
18007,treino
18008,teste
18009,validacao
18010,treino
18011,treino
18012,validacao
18013,validacao
18014,teste
18015,validacao
18016,validacao
18017,treino
18018,validacao
18019,treino
18020,teste
18021,treino
18022,validacao
18023,treino
18024,teste
18025,treino
18026,validacao
18027,treino
18028,teste
18029,validacao
18030,treino
18031,validacao
18032,teste
18033,teste
18034,teste
18035,treino
18036,treino
18037,treino
18038,validacao
18039,validacao
18040,validacao
18041,treino
18042,teste
18043,treino
18044,teste
18045,treino
18046,treino
18047,treino
18048,treino
18049,teste
18050,treino
18051,treino
18052,treino
18053,treino
18054,treino
18055,validacao
18056,treino
18057,validacao
18058,treino
18059,treino
18060,teste
18061,treino
18062,treino
18063,teste
18064,treino
18065,treino
18066,teste
18067,teste
18068,treino
18069,treino
18070,validacao
18071,treino
18072,treino
18073,treino
18074,treino
18075,treino
18076,treino
18077,treino
18078,teste
18079,treino
18080,treino
18081,teste
18082,treino
18083,treino
18084,treino
18085,validacao
18086,validacao
18087,validacao
18088,validacao
18089,treino
18090,treino
18091,treino
18092,treino
18093,treino
18094,validacao
18095,validacao
18096,treino
18097,teste
18098,teste
18099,treino
18100,treino
18101,validacao
18102,teste
18103,teste
18104,treino
18105,treino
18106,treino
18107,treino
18108,validacao
18109,treino
18110,treino
18111,treino
18112,teste
18113,treino
18114,treino
18115,treino
18116,teste
18117,treino
18118,validacao
18119,treino
18120,treino
18121,treino
18122,treino
18123,treino
18124,treino
18125,validacao
18126,validacao
18127,validacao
18128,validacao
18129,validacao
18130,treino
18131,teste
18132,treino
18133,treino
18134,treino
18135,treino
18136,teste
18137,treino
18138,treino
18139,teste
18140,treino
18141,treino
18142,treino
18143,treino
18144,treino
18145,treino
18146,treino
18147,treino
18148,treino
18149,teste
18150,treino
18151,treino
18152,teste
18153,treino
18154,validacao
18155,treino
18156,treino
18157,treino
18158,treino
18159,teste
18160,teste
18161,teste
18162,treino
18163,treino
18164,validacao
18165,validacao
18166,treino
18167,treino
18168,treino
18169,teste
18170,treino
18171,validacao
18172,teste
18173,treino
18174,treino
18175,treino
18176,validacao
18177,validacao
18178,validacao
18179,treino
18180,validacao
18181,treino
18182,treino
18183,treino
18184,validacao
18185,treino
18186,treino
18187,teste
18188,teste
18189,treino
18190,treino
18191,treino
18192,treino
18193,treino
18194,treino
18195,treino
18196,teste
18197,treino
18198,treino
18199,validacao
18200,treino
18201,treino
18202,teste
18203,validacao
18204,validacao
18205,validacao
18206,treino
18207,treino
18208,treino
18209,treino
18210,teste
18211,teste
18212,treino
18213,treino
18214,treino
18215,treino
18216,treino
18217,treino
18218,treino
18219,validacao
18220,treino
18221,treino
18222,validacao
18223,treino
18224,validacao
18225,treino
18226,treino
18227,validacao
18228,treino
18229,teste
18230,treino
18231,teste
18232,treino
18233,treino
18234,teste
18235,teste
18236,teste
18237,treino
18238,treino
18239,treino
18240,treino
18241,treino
18242,validacao
18243,treino
18244,treino
18245,treino
18246,validacao
18247,validacao
18248,treino
18249,validacao
18250,treino
18251,validacao
18252,treino
18253,treino
18254,treino
18255,validacao
18256,teste
18257,teste
18258,teste
18259,treino
18260,validacao
18261,validacao
18262,validacao
18263,treino
18264,treino
18265,teste
18266,treino
18267,treino
18268,teste
18269,treino
18270,treino
18271,treino
18272,teste
18273,treino
18274,teste
18275,treino
18276,validacao
18277,validacao
18278,treino
18279,treino
18280,validacao
18281,teste
18282,treino
18283,validacao
18284,treino
18285,treino
18286,teste
18287,validacao
18288,teste
18289,treino
18290,treino
18291,teste
18292,treino
18293,treino
18294,treino
18295,treino
18296,treino
18297,validacao
18298,treino
18299,treino
18300,treino
18301,teste
18302,treino
18303,teste
18304,treino
18305,teste
18306,validacao
18307,treino
18308,validacao
18309,teste
18310,teste
18311,teste
18312,treino
18313,validacao
18314,treino
18315,treino
18316,validacao
18317,validacao
18318,treino
18319,validacao
18320,teste
18321,treino
18322,treino
18323,validacao
18324,treino
18325,treino
18326,teste
18327,treino
18328,treino
18329,treino
18330,treino
18331,treino
18332,treino
18333,validacao
18334,treino
18335,treino
18336,teste
18337,validacao
18338,treino
18339,validacao
18340,treino
18341,treino
18342,treino
18343,treino
18344,teste
18345,treino
18346,teste
18347,validacao
18348,treino
18349,teste
18350,treino
18351,treino
18352,treino
18353,validacao
18354,treino
18355,validacao
18356,validacao
18357,treino
18358,treino
18359,validacao
18360,teste
18361,treino
18362,teste
18363,treino
18364,teste
18365,treino
18366,treino
18367,validacao
18368,teste
18369,treino
18370,validacao
18371,treino
18372,treino
18373,treino
18374,treino
18375,validacao
18376,treino
18377,treino
18378,teste
18379,treino
18380,treino
18381,treino
18382,treino
18383,treino
18384,teste
18385,teste
18386,validacao
18387,validacao
18388,teste
18389,teste
18390,treino
18391,treino
18392,validacao
18393,treino
18394,treino
18395,treino
18396,treino
18397,teste
18398,treino
18399,treino
18400,teste
18401,validacao
18402,treino
18403,validacao
18404,treino
18405,treino
18406,treino
18407,teste
18408,validacao
18409,treino
18410,treino
18411,treino
18412,validacao
18413,validacao
18414,teste
18415,validacao
18416,treino
18417,treino
18418,teste
18419,treino
18420,teste
18421,treino
18422,validacao
18423,teste
18424,treino
18425,validacao
18426,treino
18427,treino
18428,teste
18429,teste
18430,treino
18431,treino
18432,validacao
18433,validacao
18434,treino
18435,treino
18436,treino
18437,treino
18438,treino
18439,treino
18440,treino
18441,treino
18442,teste
18443,treino
18444,treino
18445,validacao
18446,validacao
18447,teste
18448,treino
18449,treino
18450,treino
18451,treino
18452,treino
18453,treino
18454,treino
18455,treino
18456,teste
18457,treino
18458,treino
18459,treino
18460,teste
18461,teste
18462,treino
18463,treino
18464,treino
18465,validacao
18466,treino
18467,treino
18468,teste
18469,treino
18470,treino
18471,validacao
18472,validacao
18473,treino
18474,validacao
18475,validacao
18476,teste
18477,validacao
18478,validacao
18479,treino
18480,treino
18481,validacao
18482,treino
18483,treino
18484,teste
18485,validacao
18486,teste
18487,treino
18488,treino
18489,validacao
18490,treino
18491,treino
18492,treino
18493,treino
18494,treino
18495,teste
18496,validacao
18497,teste
18498,treino
18499,treino
18500,treino
18501,treino
18502,treino
18503,teste
18504,treino
18505,treino
18506,teste
18507,validacao
18508,validacao
18509,validacao
18510,treino
18511,teste
18512,treino
18513,treino
18514,teste
18515,validacao
18516,teste
18517,treino
18518,validacao
18519,teste
18520,validacao
18521,validacao
18522,treino
18523,treino
18524,teste
18525,treino
18526,treino
18527,validacao
18528,validacao
18529,treino
18530,treino
18531,treino
18532,validacao
18533,validacao
18534,teste
18535,treino
18536,treino
18537,treino
18538,treino
18539,teste
18540,treino
18541,treino
18542,validacao
18543,validacao
18544,treino
18545,treino
18546,validacao
18547,teste
18548,treino
18549,treino
18550,treino
18551,validacao
18552,treino
18553,teste
18554,treino
18555,treino
18556,teste
18557,treino
18558,treino
18559,treino
18560,teste
18561,validacao
18562,treino
18563,treino
18564,treino
18565,treino
18566,treino
18567,treino
18568,treino
18569,treino
18570,validacao
18571,teste
18572,treino
18573,teste
18574,validacao
18575,validacao
18576,treino
18577,treino
18578,treino
18579,treino
18580,validacao
18581,treino
18582,validacao
18583,treino
18584,teste
18585,treino
18586,treino
18587,treino
18588,teste
18589,treino
18590,validacao
18591,treino
18592,validacao
18593,teste
18594,treino
18595,treino
18596,teste
18597,validacao
18598,treino
18599,treino
18600,validacao
18601,validacao
18602,treino
18603,treino
18604,treino
18605,validacao
18606,treino
18607,treino
18608,teste
18609,treino
18610,teste
18611,treino
18612,treino
18613,treino
18614,treino
18615,treino
18616,treino
18617,teste
18618,treino
18619,validacao
18620,treino
18621,treino
18622,treino
18623,validacao
18624,treino
18625,treino
18626,teste
18627,treino
18628,treino
18629,treino
18630,treino
18631,treino
18632,teste
18633,treino
18634,treino
18635,teste
18636,treino
18637,treino
18638,treino
18639,treino
18640,treino
18641,teste
18642,treino
18643,treino
18644,treino
18645,treino
18646,treino
18647,teste
18648,treino
18649,treino
18650,teste
18651,treino
18652,teste
18653,teste
18654,treino
18655,treino
18656,treino
18657,treino
18658,teste
18659,treino
18660,treino
18661,treino
18662,treino
18663,treino
18664,treino
18665,treino
18666,treino
18667,validacao
18668,treino
18669,teste
18670,validacao
18671,treino
18672,validacao
18673,teste
18674,treino
18675,treino
18676,teste
18677,treino
18678,treino
18679,treino
18680,treino
18681,treino
18682,treino
18683,treino
18684,treino
18685,treino
18686,treino
18687,validacao
18688,treino
18689,treino
18690,treino
18691,teste
18692,validacao
18693,validacao
18694,treino
18695,treino
18696,teste
18697,treino
18698,validacao
18699,treino
18700,treino
18701,teste
18702,treino
18703,treino
18704,teste
18705,teste
18706,treino
18707,treino
18708,teste
18709,teste
18710,treino
18711,treino
18712,validacao
18713,treino
18714,treino
18715,validacao
18716,treino
18717,validacao
18718,treino
18719,treino
18720,treino
18721,validacao
18722,treino
18723,treino
18724,treino
18725,teste
18726,teste
18727,teste
18728,treino
18729,teste
18730,teste
18731,validacao
18732,treino
18733,validacao
18734,treino
18735,treino
18736,treino
18737,teste
18738,treino
18739,treino
18740,validacao
18741,teste
18742,treino
18743,treino
18744,teste
18745,teste
18746,treino
18747,validacao
18748,teste
18749,validacao
18750,teste
18751,teste
18752,treino
18753,validacao
18754,treino
18755,validacao
18756,treino
18757,treino
18758,treino
18759,treino
18760,treino
18761,treino
18762,treino
18763,treino
18764,treino
18765,treino
18766,teste
18767,treino
18768,validacao
18769,teste
18770,treino
18771,treino
18772,treino
18773,treino
18774,validacao
18775,treino
18776,treino
18777,treino
18778,treino
18779,validacao
18780,treino
18781,treino
18782,teste
18783,treino
18784,treino
18785,treino
18786,treino
18787,treino
18788,treino
18789,treino
18790,treino
18791,treino
18792,validacao
18793,teste
18794,validacao
18795,validacao
18796,treino
18797,treino
18798,treino
18799,teste
18800,validacao
18801,validacao
18802,teste
18803,treino
18804,validacao
18805,treino
18806,treino
18807,treino
18808,treino
18809,treino
18810,treino
18811,treino
18812,teste
18813,validacao
18814,treino
18815,treino
18816,treino
18817,treino
18818,treino
18819,treino
18820,validacao
18821,validacao
18822,treino
18823,teste
18824,treino
18825,treino
18826,teste
18827,treino
18828,treino
18829,treino
18830,validacao
18831,treino
18832,treino
18833,treino
18834,teste
18835,treino
18836,treino
18837,treino
18838,treino
18839,teste
18840,treino
18841,treino
18842,validacao
18843,teste
18844,validacao
18845,validacao
18846,treino
18847,validacao
18848,treino
18849,treino
18850,treino
18851,treino
18852,teste
18853,treino
18854,treino
18855,teste
18856,treino
18857,treino
18858,treino
18859,treino
18860,treino
18861,teste
18862,treino
18863,treino
18864,treino
18865,treino
18866,treino
18867,validacao
18868,validacao
18869,treino
18870,treino
18871,treino
18872,treino
18873,treino
18874,treino
18875,treino
18876,treino
18877,validacao
18878,validacao
18879,teste
18880,treino
18881,treino
18882,treino
18883,treino
18884,treino
18885,treino
18886,treino
18887,treino
18888,treino
18889,treino
18890,treino
18891,treino
18892,validacao
18893,validacao
18894,treino
18895,treino
18896,treino
18897,teste
18898,validacao
18899,validacao
18900,treino
18901,teste
18902,treino
18903,treino
18904,treino
18905,treino
18906,teste
18907,teste
18908,treino
18909,teste
18910,treino
18911,treino
18912,treino
18913,validacao
18914,treino
18915,treino
18916,teste
18917,treino
18918,treino
18919,treino
18920,treino
18921,validacao
18922,validacao
18923,treino
18924,teste
18925,treino
18926,treino
18927,validacao
18928,treino
18929,teste
18930,treino
18931,treino
18932,treino
18933,validacao
18934,treino
18935,treino
18936,treino
18937,teste
18938,validacao
18939,validacao
18940,treino
18941,treino
18942,treino
18943,treino
18944,validacao
18945,teste
18946,teste
18947,treino
18948,treino
18949,validacao
18950,validacao
18951,teste
18952,validacao
18953,teste
18954,teste
18955,teste
18956,treino
18957,treino
18958,treino
18959,validacao
18960,teste
18961,treino
18962,teste
18963,treino
18964,validacao
18965,treino
18966,treino
18967,treino
18968,treino
18969,treino
18970,treino
18971,treino
18972,treino
18973,teste
18974,validacao
18975,treino
18976,treino
18977,validacao
18978,treino
18979,treino
18980,validacao
18981,treino
18982,treino
18983,validacao
18984,treino
18985,teste
18986,teste
18987,validacao
18988,treino
18989,treino
18990,treino
18991,teste
18992,treino
18993,teste
18994,validacao
18995,treino
18996,validacao
18997,validacao
18998,treino
18999,treino
19000,treino
19001,treino
19002,treino
19003,teste
19004,treino
19005,validacao
19006,teste
19007,treino
19008,treino
19009,treino
19010,teste
19011,treino
19012,treino
19013,treino
19014,treino
19015,treino
19016,treino
19017,treino
19018,treino
19019,treino
19020,treino
19021,treino
19022,validacao
19023,validacao
19024,treino
19025,teste
19026,treino
19027,treino
19028,validacao
19029,treino
19030,treino
19031,teste
19032,teste
19033,teste
19034,treino
19035,treino
19036,treino
19037,validacao
19038,teste
19039,validacao
19040,treino
19041,treino
19042,teste
19043,teste
19044,treino
19045,treino
19046,treino
19047,treino
19048,validacao
19049,validacao
19050,treino
19051,treino
19052,validacao
19053,validacao
19054,treino
19055,validacao
19056,teste
19057,treino
19058,treino
19059,validacao
19060,teste
19061,treino
19062,validacao
19063,validacao
19064,treino
19065,treino
19066,treino
19067,treino
19068,treino
19069,validacao
19070,teste
19071,teste
19072,treino
19073,treino
19074,validacao
19075,teste
19076,treino
19077,treino
19078,validacao
19079,treino
19080,teste
19081,treino
19082,validacao
19083,treino
19084,teste
19085,treino
19086,treino
19087,treino
19088,treino
19089,teste
19090,treino
19091,treino
19092,treino
19093,treino
19094,teste
19095,validacao
19096,treino
19097,treino
19098,treino
19099,treino
19100,treino
19101,treino
19102,treino
19103,treino
19104,treino
19105,treino
19106,teste
19107,teste
19108,treino
19109,treino
19110,teste
19111,treino
19112,treino
19113,teste
19114,validacao
19115,treino
19116,validacao
19117,treino
19118,teste
19119,treino
19120,validacao
19121,teste
19122,treino
19123,treino
19124,treino
19125,treino
19126,teste
19127,treino
19128,treino
19129,treino
19130,treino
19131,treino
19132,treino
19133,treino
19134,treino
19135,teste
19136,validacao
19137,teste
19138,treino
19139,treino
19140,treino
19141,treino
19142,treino
19143,treino
19144,treino
19145,validacao
19146,validacao
19147,validacao
19148,treino
19149,treino
19150,teste
19151,teste
19152,treino
19153,treino
19154,treino
19155,validacao
19156,teste
19157,treino
19158,validacao
19159,treino
19160,treino
19161,treino
19162,validacao
19163,treino
19164,validacao
19165,teste
19166,treino
19167,treino
19168,teste
19169,validacao
19170,treino
19171,validacao
19172,teste
19173,teste
19174,validacao
19175,validacao
19176,validacao
19177,treino
19178,treino
19179,validacao
19180,validacao
19181,treino
19182,treino
19183,validacao
19184,treino
19185,treino
19186,validacao
19187,treino
19188,treino
19189,treino
19190,treino
19191,teste
19192,treino
19193,validacao
19194,treino
19195,treino
19196,validacao
19197,treino
19198,treino
19199,validacao
19200,teste
19201,treino
19202,treino
19203,treino
19204,treino
19205,teste
19206,teste
19207,treino
19208,treino
19209,treino
19210,teste
19211,treino
19212,teste
19213,treino
19214,teste
19215,teste
19216,treino
19217,teste
19218,validacao
19219,treino
19220,treino
19221,treino
19222,treino
19223,treino
19224,validacao
19225,treino
19226,treino
19227,teste
19228,teste
19229,treino
19230,validacao
19231,teste
19232,validacao
19233,treino
19234,treino
19235,validacao
19236,treino
19237,teste
19238,treino
19239,treino
19240,teste
19241,treino
19242,treino
19243,treino
19244,validacao
19245,teste
19246,treino
19247,validacao
19248,treino
19249,treino
19250,treino
19251,treino
19252,teste
19253,treino
19254,teste
19255,teste
19256,treino
19257,treino
19258,treino
19259,treino
19260,treino
19261,teste
19262,teste
19263,treino
19264,validacao
19265,treino
19266,treino
19267,treino
19268,treino
19269,validacao
19270,treino
19271,teste
19272,treino
19273,teste
19274,treino
19275,validacao
19276,treino
19277,treino
19278,treino
19279,treino
19280,teste
19281,validacao
19282,treino
19283,treino
19284,treino
19285,treino
19286,treino
19287,validacao
19288,treino
19289,treino
19290,treino
19291,treino
19292,treino
19293,treino
19294,treino
19295,validacao
19296,validacao
19297,teste
19298,teste
19299,teste
19300,validacao
19301,treino
19302,treino
19303,treino
19304,treino
19305,treino
19306,treino
19307,treino
19308,teste
19309,treino
19310,treino
19311,teste
19312,teste
19313,treino
19314,teste
19315,treino
19316,validacao
19317,treino
19318,treino
19319,treino
19320,treino
19321,validacao
19322,treino
19323,treino
19324,validacao
19325,treino
19326,treino
19327,treino
19328,treino
19329,treino
19330,treino
19331,treino
19332,treino
19333,teste
19334,treino
19335,treino
19336,treino
19337,treino
19338,validacao
19339,treino
19340,teste
19341,treino
19342,validacao
19343,treino
19344,validacao
19345,treino
19346,treino
19347,treino
19348,teste
19349,treino
19350,teste
19351,validacao
19352,treino
19353,treino
19354,treino
19355,teste
19356,treino
19357,treino
19358,treino
19359,validacao
19360,teste
19361,treino
19362,teste
19363,teste
19364,treino
19365,validacao
19366,teste
19367,validacao
19368,validacao
19369,teste
19370,validacao
19371,treino
19372,treino
19373,teste
19374,validacao
19375,treino
19376,treino
19377,treino
19378,treino
19379,treino
19380,validacao
19381,validacao
19382,validacao
19383,treino
19384,teste
19385,treino
19386,treino
19387,validacao
19388,treino
19389,treino
19390,treino
19391,teste
19392,teste
19393,teste
19394,treino
19395,treino
19396,treino
19397,treino
19398,treino
19399,treino
19400,validacao
19401,treino
19402,validacao
19403,treino
19404,treino
19405,validacao
19406,treino
19407,treino
19408,treino
19409,treino
19410,treino
19411,treino
19412,treino
19413,treino
19414,treino
19415,teste
19416,treino
19417,teste
19418,treino
19419,treino
19420,treino
19421,treino
19422,treino
19423,teste
19424,validacao
19425,treino
19426,treino
19427,validacao
19428,treino
19429,treino
19430,treino
19431,validacao
19432,teste
19433,teste
19434,teste
19435,treino
19436,treino
19437,teste
19438,treino
19439,treino
19440,treino
19441,validacao
19442,teste
19443,teste
19444,treino
19445,teste
19446,validacao
19447,teste
19448,treino
19449,treino
19450,validacao
19451,treino
19452,validacao
19453,treino
19454,treino
19455,treino
19456,treino
19457,treino
19458,teste
19459,validacao
19460,treino
19461,validacao
19462,teste
19463,treino
19464,validacao
19465,treino
19466,treino
19467,treino
19468,teste
19469,treino
19470,treino
19471,treino
19472,teste
19473,treino
19474,treino
19475,teste
19476,treino
19477,validacao
19478,treino
19479,teste
19480,treino
19481,teste
19482,validacao
19483,treino
19484,validacao
19485,treino
19486,treino
19487,treino
19488,treino
19489,treino
19490,validacao
19491,treino
19492,treino
19493,treino
19494,treino
19495,teste
19496,treino
19497,treino
19498,treino
19499,teste
19500,teste
19501,treino
19502,treino
19503,teste
19504,treino
19505,treino
19506,treino
19507,treino
19508,treino
19509,treino
19510,treino
19511,validacao
19512,treino
19513,teste
19514,treino
19515,treino
19516,validacao
19517,validacao
19518,validacao
19519,validacao
19520,treino
19521,validacao
19522,treino
19523,treino
19524,treino
19525,teste
19526,teste
19527,treino
19528,treino
19529,treino
19530,teste
19531,teste
19532,teste
19533,validacao
19534,treino
19535,validacao
19536,treino
19537,teste
19538,treino
19539,treino
19540,treino
19541,treino
19542,validacao
19543,teste
19544,treino
19545,validacao
19546,treino
19547,treino
19548,treino
19549,treino
19550,validacao
19551,validacao
19552,validacao
19553,treino
19554,treino
19555,treino
19556,validacao
19557,validacao
19558,treino
19559,teste
19560,validacao
19561,treino
19562,treino
19563,teste
19564,treino
19565,treino
19566,treino
19567,treino
19568,treino
19569,validacao
19570,teste
19571,teste
19572,treino
19573,validacao
19574,treino
19575,treino
19576,teste
19577,validacao
19578,treino
19579,treino
19580,validacao
19581,treino
19582,teste
19583,teste
19584,validacao
19585,treino
19586,teste
19587,validacao
19588,treino
19589,teste
19590,treino
19591,treino
19592,treino
19593,treino
19594,validacao
19595,teste
19596,validacao
19597,treino
19598,treino
19599,treino
19600,treino
19601,treino
19602,validacao
19603,treino
19604,teste
19605,validacao
19606,validacao
19607,treino
19608,treino
19609,treino
19610,treino
19611,treino
19612,treino
19613,validacao
19614,teste
19615,teste
19616,treino
19617,teste
19618,treino
19619,teste
19620,treino
19621,treino
19622,treino
19623,treino
19624,validacao
19625,validacao
19626,treino
19627,treino
19628,treino
19629,teste
19630,treino
19631,validacao
19632,treino
19633,treino
19634,teste
19635,teste
19636,treino
19637,validacao
19638,treino
19639,treino
19640,treino
19641,treino
19642,treino
19643,validacao
19644,treino
19645,treino
19646,treino
19647,treino
19648,treino
19649,treino
19650,treino
19651,validacao
19652,treino
19653,treino
19654,treino
19655,treino
19656,validacao
19657,validacao
19658,treino
19659,validacao
19660,treino
19661,validacao
19662,validacao
19663,treino
19664,treino
19665,treino
19666,treino
19667,teste
19668,treino
19669,teste
19670,validacao
19671,treino
19672,teste
19673,teste
19674,validacao
19675,validacao
19676,treino
19677,treino
19678,treino
19679,treino
19680,validacao
19681,teste
19682,treino
19683,treino
19684,treino
19685,teste
19686,validacao
19687,treino
19688,treino
19689,validacao
19690,treino
19691,teste
19692,treino
19693,treino
19694,treino
19695,treino
19696,teste
19697,treino
19698,treino
19699,validacao
19700,treino
19701,treino
19702,treino
19703,treino
19704,treino
19705,treino
19706,teste
19707,validacao
19708,treino
19709,treino
19710,teste
19711,teste
19712,treino
19713,validacao
19714,treino
19715,validacao
19716,treino
19717,validacao
19718,treino
19719,teste
19720,treino
19721,teste
19722,treino
19723,teste
19724,teste
19725,teste
19726,teste
19727,validacao
19728,validacao
19729,treino
19730,treino
19731,teste
19732,validacao
19733,treino
19734,treino
19735,validacao
19736,treino
19737,treino
19738,validacao
19739,treino
19740,validacao
19741,teste
19742,validacao
19743,treino
19744,treino
19745,validacao
19746,validacao
19747,validacao
19748,treino
19749,teste
19750,treino
19751,teste
19752,teste
19753,treino
19754,treino
19755,validacao
19756,treino
19757,treino
19758,treino
19759,teste
19760,teste
19761,teste
19762,teste
19763,treino
19764,treino
19765,treino
19766,treino
19767,treino
19768,treino
19769,teste
19770,teste
19771,treino
19772,treino
19773,teste
19774,treino
19775,treino
19776,treino
19777,treino
19778,treino
19779,treino
19780,treino
19781,validacao
19782,treino
19783,treino
19784,treino
19785,teste
19786,treino
19787,teste
19788,teste
19789,treino
19790,treino
19791,treino
19792,treino
19793,treino
19794,teste
19795,teste
19796,treino
19797,treino
19798,treino
19799,teste
19800,treino
19801,treino
19802,treino
19803,treino
19804,validacao
19805,validacao
19806,treino
19807,treino
19808,treino
19809,validacao
19810,validacao
19811,teste
19812,treino
19813,treino
19814,treino
19815,teste
19816,treino
19817,validacao
19818,treino
19819,treino
19820,teste
19821,validacao
19822,treino
19823,treino
19824,treino
19825,treino
19826,treino
19827,treino
19828,validacao
19829,treino
19830,treino
19831,treino
19832,treino
19833,validacao
19834,teste
19835,validacao
19836,treino
19837,treino
19838,treino
19839,treino
19840,treino
19841,validacao
19842,treino
19843,validacao
19844,teste
19845,validacao
19846,treino
19847,teste
19848,teste
19849,validacao
19850,validacao
19851,treino
19852,treino
19853,treino
19854,validacao
19855,treino
19856,treino
19857,teste
19858,teste
19859,treino
19860,validacao
19861,treino
19862,teste
19863,treino
19864,treino
19865,teste
19866,validacao
19867,treino
19868,treino
19869,treino
19870,treino
19871,treino
19872,treino
19873,treino
19874,treino
19875,treino
19876,validacao
19877,teste
19878,treino
19879,treino
19880,treino
19881,treino
19882,teste
19883,treino
19884,teste
19885,treino
19886,validacao
19887,treino
19888,treino
19889,treino
19890,treino
19891,treino
19892,teste
19893,treino
19894,treino
19895,validacao
19896,treino
19897,treino
19898,treino
19899,treino
19900,teste
19901,treino
19902,treino
19903,treino
19904,treino
19905,treino
19906,treino
19907,teste
19908,treino
19909,validacao
19910,treino
19911,treino
19912,treino
19913,treino
19914,validacao
19915,treino
19916,validacao
19917,treino
19918,treino
19919,treino
19920,teste
19921,validacao
19922,teste
19923,treino
19924,teste
19925,treino
19926,validacao
19927,validacao
19928,validacao
19929,treino
19930,treino
19931,teste
19932,treino
19933,validacao
19934,treino
19935,treino
19936,teste
19937,treino
19938,treino
19939,treino
19940,treino
19941,treino
19942,treino
19943,teste
19944,treino
19945,treino
19946,treino
19947,teste
19948,treino
19949,treino
19950,treino
19951,treino
19952,validacao
19953,teste
19954,treino
19955,treino
19956,treino
19957,treino
19958,treino
19959,treino
19960,treino
19961,treino
19962,treino
19963,teste
19964,validacao
19965,treino
19966,treino
19967,validacao
19968,validacao
19969,treino
19970,treino
19971,treino
19972,validacao
19973,treino
19974,validacao
19975,treino
19976,treino
19977,treino
19978,treino
19979,treino
19980,teste
19981,teste
19982,treino
19983,treino
19984,treino
19985,teste
19986,treino
19987,treino
19988,treino
19989,treino
19990,treino
19991,treino
19992,treino
19993,teste
19994,treino
19995,treino
19996,validacao
19997,treino
19998,treino
19999,teste
20000,treino
20001,validacao
20002,treino
20003,treino
20004,treino
20005,treino
20006,treino
20007,teste
20008,validacao
20009,teste
20010,validacao
20011,treino
20012,teste
20013,treino
20014,treino
20015,validacao
20016,treino
20017,teste
20018,teste
20019,validacao
20020,validacao
20021,treino
20022,teste
20023,treino
20024,teste
20025,treino
20026,treino
20027,treino
20028,treino
20029,treino
20030,teste
20031,teste
20032,treino
20033,teste
20034,teste
20035,treino
20036,teste
20037,validacao
20038,treino
20039,teste
20040,teste
20041,treino
20042,teste
20043,treino
20044,treino
20045,validacao
20046,treino
20047,treino
20048,treino
20049,treino
20050,treino
20051,teste
20052,teste
20053,treino
20054,treino
20055,treino
20056,teste
20057,treino
20058,teste
20059,treino
20060,validacao
20061,teste
20062,treino
20063,treino
20064,treino
20065,treino
20066,validacao
20067,treino
20068,validacao
20069,treino
20070,treino
20071,treino
20072,teste
20073,validacao
20074,validacao
20075,treino
20076,validacao
20077,teste
20078,treino
20079,teste
20080,validacao
20081,treino
20082,treino
20083,treino
20084,teste
20085,validacao
20086,treino
20087,validacao
20088,treino
20089,teste
20090,treino
20091,treino
20092,treino
20093,validacao
20094,validacao
20095,validacao
20096,treino
20097,treino
20098,treino
20099,teste
20100,teste
20101,validacao
20102,validacao
20103,teste
20104,treino
20105,treino
20106,treino
20107,treino
20108,validacao
20109,validacao
20110,treino
20111,treino
20112,treino
20113,validacao
20114,treino
20115,treino
20116,treino
20117,treino
20118,validacao
20119,validacao
20120,teste
20121,treino
20122,treino
20123,treino
20124,treino
20125,treino
20126,teste
20127,teste
20128,treino
20129,validacao
20130,treino
20131,treino
20132,treino
20133,treino
20134,treino
20135,treino
20136,teste
20137,treino
20138,treino
20139,treino
20140,treino
20141,treino
20142,treino
20143,validacao
20144,treino
20145,treino
20146,treino
20147,validacao
20148,treino
20149,treino
20150,treino
20151,treino
20152,treino
20153,treino
20154,treino
20155,treino
20156,treino
20157,treino
20158,treino
20159,validacao
20160,validacao
20161,treino
20162,treino
20163,treino
20164,treino
20165,validacao
20166,teste
20167,validacao
20168,treino
20169,treino
20170,treino
20171,treino
20172,teste
20173,treino
20174,validacao
20175,treino
20176,treino
20177,validacao
20178,treino
20179,treino
20180,treino
20181,validacao
20182,validacao
20183,validacao
20184,treino
20185,treino
20186,treino
20187,treino
20188,treino
20189,treino
20190,validacao
20191,treino
20192,validacao
20193,validacao
20194,treino
20195,teste
20196,treino
20197,treino
20198,treino
20199,teste
20200,treino
20201,treino
20202,validacao
20203,validacao
20204,treino
20205,treino
20206,treino
20207,treino
20208,teste
20209,validacao
20210,treino
20211,validacao
20212,treino
20213,teste
20214,teste
20215,treino
20216,treino
20217,teste
20218,teste
20219,treino
20220,treino
20221,validacao
20222,treino
20223,treino
20224,validacao
20225,treino
20226,teste
20227,validacao
20228,treino
20229,treino
20230,treino
20231,validacao
20232,treino
20233,treino
20234,validacao
20235,validacao
20236,treino
20237,treino
20238,treino
20239,treino
20240,treino
20241,validacao
20242,treino
20243,treino
20244,teste
20245,treino
20246,treino
20247,teste
20248,validacao
20249,treino
20250,validacao
20251,validacao
20252,treino
20253,treino
20254,treino
20255,validacao
20256,treino
20257,treino
20258,treino
20259,treino
20260,validacao
20261,treino
20262,treino
20263,treino
20264,treino
20265,treino
20266,validacao
20267,teste
20268,treino
20269,validacao
20270,teste
20271,validacao
20272,treino
20273,treino
20274,validacao
20275,treino
20276,treino
20277,teste
20278,treino
20279,treino
20280,treino
20281,treino
20282,treino
20283,teste
20284,teste
20285,teste
20286,validacao
20287,treino
20288,treino
20289,treino
20290,treino
20291,validacao
20292,treino
20293,treino
20294,treino
20295,treino
20296,treino
20297,treino
20298,treino
20299,treino
20300,treino
20301,treino
20302,treino
20303,treino
20304,treino
20305,treino
20306,validacao
20307,teste
20308,validacao
20309,validacao
20310,treino
20311,treino
20312,treino
20313,validacao
20314,treino
20315,teste
20316,treino
20317,treino
20318,treino
20319,validacao
20320,treino
20321,teste
20322,treino
20323,treino
20324,treino
20325,treino
20326,treino
20327,treino
20328,teste
20329,treino
20330,teste
20331,treino
20332,teste
20333,treino
20334,validacao
20335,treino
20336,validacao
20337,validacao
20338,treino
20339,treino
20340,treino
20341,treino
20342,treino
20343,treino
20344,validacao
20345,treino
20346,teste
20347,treino
20348,treino
20349,teste
20350,treino
20351,treino
20352,treino
20353,validacao
20354,treino
20355,treino
20356,validacao
20357,treino
20358,teste
20359,treino
20360,teste
20361,treino
20362,treino
20363,treino
20364,validacao
20365,treino
20366,treino
20367,treino
20368,treino
20369,treino
20370,teste
20371,validacao
20372,teste
20373,teste
20374,treino
20375,treino
20376,treino
20377,treino
20378,treino
20379,treino
20380,treino
20381,treino
20382,treino
20383,validacao
20384,treino
20385,treino
20386,validacao
20387,treino
20388,validacao
20389,treino
20390,treino
20391,treino
20392,teste
20393,validacao
20394,treino
20395,validacao
20396,treino
20397,treino
20398,validacao
20399,treino
20400,validacao
20401,treino
20402,treino
20403,treino
20404,teste
20405,treino
20406,validacao
20407,teste
20408,treino
20409,validacao
20410,teste
20411,treino
20412,treino
20413,treino
20414,treino
20415,validacao
20416,treino
20417,teste
20418,treino
20419,treino
20420,teste
20421,treino
20422,treino
20423,treino
20424,treino
20425,treino
20426,validacao
20427,teste
20428,validacao
20429,validacao
20430,treino
20431,validacao
20432,treino
20433,treino
20434,treino
20435,teste
20436,teste
20437,treino
20438,treino
20439,treino
20440,validacao
20441,treino
20442,teste
20443,treino
20444,validacao
20445,treino
20446,treino
20447,treino
20448,teste
20449,treino
20450,treino
20451,treino
20452,treino
20453,validacao
20454,treino
20455,teste
20456,validacao
20457,treino
20458,validacao
20459,treino
20460,teste
20461,treino
20462,treino
20463,validacao
20464,teste
20465,treino
20466,treino
20467,teste
20468,teste
20469,validacao
20470,teste
20471,validacao
20472,treino
20473,treino
20474,teste
20475,validacao
20476,teste
20477,treino
20478,validacao
20479,teste
20480,treino
20481,teste
20482,treino
20483,treino
20484,teste
20485,teste
20486,validacao
20487,treino
20488,treino
20489,treino
20490,treino
20491,treino
20492,teste
20493,validacao
20494,treino
20495,treino
20496,validacao
20497,treino
20498,treino
20499,treino
20500,treino
20501,treino
20502,treino
20503,treino
20504,validacao
20505,treino
20506,validacao
20507,teste
20508,teste
20509,treino
20510,treino
20511,treino
20512,treino
20513,validacao
20514,treino
20515,treino
20516,treino
20517,validacao
20518,teste
20519,treino
20520,treino
20521,treino
20522,treino
20523,treino
20524,treino
20525,validacao
20526,treino
20527,treino
20528,treino
20529,treino
20530,treino
20531,treino
20532,treino
20533,treino
20534,treino
20535,treino
20536,teste
20537,teste
20538,treino
20539,treino
20540,treino
20541,treino
20542,treino
20543,treino
20544,treino
20545,validacao
20546,treino
20547,treino
20548,treino
20549,validacao
20550,treino
20551,treino
20552,treino
20553,treino
20554,treino
20555,validacao
20556,validacao
20557,teste
20558,treino
20559,treino
20560,treino
20561,validacao
20562,treino
20563,treino
20564,treino
20565,validacao
20566,treino
20567,treino
20568,teste
20569,teste
20570,treino
20571,teste
20572,teste
20573,treino
20574,teste
20575,treino
20576,treino
20577,teste
20578,validacao
20579,treino
20580,treino
20581,treino
20582,validacao
20583,treino
20584,treino
20585,validacao
20586,treino
20587,treino
20588,validacao
20589,treino
20590,treino
20591,validacao
20592,teste
20593,validacao
20594,treino
20595,treino
20596,treino
20597,treino
20598,treino
20599,treino
20600,teste
20601,treino
20602,treino
20603,treino
20604,teste
20605,treino
20606,validacao
20607,treino
20608,validacao
20609,treino
20610,treino
20611,treino
20612,treino
20613,treino
20614,treino
20615,treino
20616,treino
20617,validacao
20618,validacao
20619,validacao
20620,treino
20621,teste
20622,treino
20623,teste
20624,teste
20625,treino
20626,validacao
20627,teste
20628,teste
20629,treino
20630,teste
20631,teste
20632,treino
20633,validacao
20634,validacao
20635,treino
20636,treino
20637,treino
20638,treino
20639,validacao
